-- phpMyAdmin SQL Dump
-- version 5.2.1
-- https://www.phpmyadmin.net/
--
-- Host: localhost:3306
-- Waktu pembuatan: 02 Jun 2024 pada 07.41
-- Versi server: 8.0.30
-- Versi PHP: 8.3.7

SET SQL_MODE = "NO_AUTO_VALUE_ON_ZERO";
START TRANSACTION;
SET time_zone = "+00:00";


/*!40101 SET @OLD_CHARACTER_SET_CLIENT=@@CHARACTER_SET_CLIENT */;
/*!40101 SET @OLD_CHARACTER_SET_RESULTS=@@CHARACTER_SET_RESULTS */;
/*!40101 SET @OLD_COLLATION_CONNECTION=@@COLLATION_CONNECTION */;
/*!40101 SET NAMES utf8mb4 */;

--
-- Database: `tugassi`
--

-- --------------------------------------------------------

--
-- Struktur dari tabel `alternatif`
--

CREATE TABLE `alternatif` (
  `id_alternatif` int UNSIGNED NOT NULL,
  `nama_alternatif` varchar(255) COLLATE utf8mb4_unicode_ci NOT NULL,
  `deskripsi` text COLLATE utf8mb4_unicode_ci,
  `id_barang` int UNSIGNED NOT NULL,
  `created_at` timestamp NULL DEFAULT NULL,
  `updated_at` timestamp NULL DEFAULT NULL,
  `nilai_harga` decimal(8,2) DEFAULT NULL,
  `nilai_kualitas` decimal(8,2) DEFAULT NULL,
  `nilai_pelayanan` decimal(8,2) DEFAULT NULL,
  `nilai_lokasi` decimal(8,2) DEFAULT NULL
) ENGINE=InnoDB DEFAULT CHARSET=utf8mb4 COLLATE=utf8mb4_unicode_ci;

--
-- Dumping data untuk tabel `alternatif`
--

INSERT INTO `alternatif` (`id_alternatif`, `nama_alternatif`, `deskripsi`, `id_barang`, `created_at`, `updated_at`, `nilai_harga`, `nilai_kualitas`, `nilai_pelayanan`, `nilai_lokasi`) VALUES
(61, 'Alternatif 1', 'Deskripsi untuk alternatif 1', 10, '2024-05-24 05:00:00', '2024-05-25 02:31:17', 100.00, 100.00, 100.00, 100.00),
(62, 'Alternatif 2', 'Deskripsi untuk alternatif 2', 11, '2024-05-24 05:01:00', '2024-05-24 05:01:00', 100.00, 100.00, 100.00, 100.00),
(63, 'Alternatif 3', 'Deskripsi untuk alternatif 3', 12, '2024-05-24 05:02:00', '2024-05-24 05:02:00', 100.00, 100.00, 100.00, 100.00),
(64, 'Alternatif 4', 'Deskripsi untuk alternatif 4', 13, '2024-05-24 05:03:00', '2024-05-24 05:03:00', 100.00, 100.00, 100.00, 100.00),
(65, 'Alternatif 5', 'Deskripsi untuk alternatif 5', 14, '2024-05-24 05:04:00', '2024-05-24 05:04:00', 100.00, 100.00, 100.00, 100.00),
(66, 'Alternatif 6', 'Deskripsi untuk alternatif 6', 15, '2024-05-24 05:05:00', '2024-05-24 05:05:00', 100.00, 100.00, 100.00, 100.00),
(67, 'Alternatif 7', 'Deskripsi untuk alternatif 7', 16, '2024-05-24 05:06:00', '2024-05-24 05:06:00', 100.00, 100.00, 100.00, 100.00),
(68, 'Alternatif 8', 'Deskripsi untuk alternatif 8', 17, '2024-05-24 05:07:00', '2024-05-24 05:07:00', 100.00, 100.00, 100.00, 100.00),
(69, 'Alternatif 9', 'Deskripsi untuk alternatif 9', 18, '2024-05-24 05:08:00', '2024-05-24 05:08:00', 100.00, 100.00, 100.00, 100.00),
(70, 'Alternatif 10', 'Deskripsi untuk alternatif 10', 19, '2024-05-24 05:09:00', '2024-05-24 05:09:00', 100.00, 100.00, 100.00, 100.00),
(71, 'Alternatif 11', 'Deskripsi untuk alternatif 11', 20, '2024-05-24 05:10:00', '2024-05-24 05:10:00', 100.00, 100.00, 100.00, 100.00),
(72, 'Alternatif 12', 'Deskripsi untuk alternatif 12', 21, '2024-05-24 05:11:00', '2024-05-24 05:11:00', 100.00, 100.00, 100.00, 100.00),
(73, 'Alternatif 13', 'Deskripsi untuk alternatif 13', 22, '2024-05-24 05:12:00', '2024-05-24 05:12:00', 100.00, 100.00, 100.00, 100.00),
(74, 'Alternatif 14', 'Deskripsi untuk alternatif 14', 23, '2024-05-24 05:13:00', '2024-05-24 05:13:00', 100.00, 100.00, 100.00, 100.00),
(75, 'Alternatif 15', 'Deskripsi untuk alternatif 15', 24, '2024-05-24 05:14:00', '2024-05-24 05:14:00', 100.00, 100.00, 100.00, 100.00),
(76, 'Alternatif 17', 'Deskripsi untuk alternatif 17', 26, '2024-05-24 05:16:00', '2024-05-24 05:16:00', 100.00, 100.00, 100.00, 100.00),
(77, 'Alternatif 18', 'Deskripsi untuk alternatif 18', 27, '2024-05-24 05:17:00', '2024-05-24 05:17:00', 100.00, 100.00, 100.00, 100.00),
(78, 'Alternatif 19', 'Deskripsi untuk alternatif 19', 28, '2024-05-24 05:18:00', '2024-05-24 05:18:00', 100.00, 100.00, 100.00, 100.00),
(79, 'Alternatif 20', 'Deskripsi untuk alternatif 20', 29, '2024-05-24 05:19:00', '2024-05-24 05:19:00', 100.00, 100.00, 100.00, 100.00);

-- --------------------------------------------------------

--
-- Struktur dari tabel `barang`
--

CREATE TABLE `barang` (
  `id_barang` int UNSIGNED NOT NULL,
  `nama_barang` varchar(255) COLLATE utf8mb4_unicode_ci NOT NULL,
  `deskripsi` text COLLATE utf8mb4_unicode_ci,
  `kategori` varchar(50) COLLATE utf8mb4_unicode_ci NOT NULL,
  `berat` decimal(10,2) NOT NULL,
  `harga` decimal(10,2) NOT NULL,
  `created_at` timestamp NULL DEFAULT NULL,
  `updated_at` timestamp NULL DEFAULT NULL
) ENGINE=InnoDB DEFAULT CHARSET=utf8mb4 COLLATE=utf8mb4_unicode_ci;

--
-- Dumping data untuk tabel `barang`
--

INSERT INTO `barang` (`id_barang`, `nama_barang`, `deskripsi`, `kategori`, `berat`, `harga`, `created_at`, `updated_at`) VALUES
(10, 'Barang 1', 'Deskripsi barang 1', 'Original', 1.50, 10000.00, '2024-05-24 12:31:47', '2024-05-24 12:31:47'),
(11, 'Barang 2', 'Deskripsi barang 2', 'Tiruan', 2.00, 15000.00, '2024-05-24 12:31:47', '2024-05-24 12:31:47'),
(12, 'Barang 3', 'Deskripsi barang 3', 'Original', 1.80, 12000.00, '2024-05-24 12:31:47', '2024-05-24 12:31:47'),
(13, 'Barang 4', 'Deskripsi barang 4', 'Tiruan', 1.20, 8000.00, '2024-05-24 12:31:47', '2024-05-24 12:31:47'),
(14, 'Barang 5', 'Deskripsi barang 5', 'Original', 2.50, 18000.00, '2024-05-24 12:31:47', '2024-05-24 12:31:47'),
(15, 'Barang 6', 'Deskripsi barang 6', 'Tiruan', 1.70, 11000.00, '2024-05-24 12:31:47', '2024-05-24 12:31:47'),
(16, 'Barang 7', 'Deskripsi barang 7', 'Original', 1.40, 9000.00, '2024-05-24 12:31:47', '2024-05-24 12:31:47'),
(17, 'Barang 8', 'Deskripsi barang 8', 'Tiruan', 1.90, 14000.00, '2024-05-24 12:31:47', '2024-05-24 12:31:47'),
(18, 'Barang 9', 'Deskripsi barang 9', 'Original', 2.20, 16000.00, '2024-05-24 12:31:47', '2024-05-24 12:31:47'),
(19, 'Barang 10', 'Deskripsi barang 10', 'Tiruan', 1.60, 13000.00, '2024-05-24 12:31:47', '2024-05-24 12:31:47'),
(20, 'Barang 11', 'Deskripsi barang 11', 'Original', 1.30, 9500.00, '2024-05-24 12:31:47', '2024-05-24 12:31:47'),
(21, 'Barang 12', 'Deskripsi barang 12', 'Tiruan', 2.10, 17000.00, '2024-05-24 12:31:47', '2024-05-24 12:31:47'),
(22, 'Barang 13', 'Deskripsi barang 13', 'Original', 1.10, 7500.00, '2024-05-24 12:31:47', '2024-05-24 12:31:47'),
(23, 'Barang 146', 'Deskripsi barang 14', 'Choose...', 2.30, 20000.00, '2024-05-24 12:31:47', '2024-05-24 06:21:32'),
(24, 'Barang 15', 'Deskripsi barang 15', 'Original', 1.00, 7000.00, '2024-05-24 12:31:47', '2024-05-24 12:31:47'),
(26, 'Barang 17', 'Deskripsi barang 17', 'Original', 1.50, 10000.00, '2024-05-24 12:31:47', '2024-05-24 12:31:47'),
(27, 'Barang 18', 'Deskripsi barang 18', 'Tiruan', 2.20, 16000.00, '2024-05-24 12:31:47', '2024-05-24 12:31:47'),
(28, 'Barang 19', 'Deskripsi barang 19', 'Original', 1.80, 12000.00, '2024-05-24 12:31:47', '2024-05-24 12:31:47'),
(29, 'Barang 20', 'Deskripsi barang 20', 'Tiruan', 1.20, 8000.00, '2024-05-24 12:31:47', '2024-05-24 12:31:47'),
(33, 'Asus', 'test', 'Barang Original', 783.00, 5526211.00, '2024-05-26 08:01:36', '2024-05-26 08:01:36');

-- --------------------------------------------------------

--
-- Struktur dari tabel `gudang`
--

CREATE TABLE `gudang` (
  `id_gudang` int UNSIGNED NOT NULL,
  `nama_gudang` varchar(255) COLLATE utf8mb4_unicode_ci NOT NULL,
  `lokasi` varchar(255) COLLATE utf8mb4_unicode_ci NOT NULL,
  `created_at` timestamp NULL DEFAULT NULL,
  `updated_at` timestamp NULL DEFAULT NULL
) ENGINE=InnoDB DEFAULT CHARSET=utf8mb4 COLLATE=utf8mb4_unicode_ci;

--
-- Dumping data untuk tabel `gudang`
--

INSERT INTO `gudang` (`id_gudang`, `nama_gudang`, `lokasi`, `created_at`, `updated_at`) VALUES
(2, 'Gudang A', 'Lokasi A', '2024-05-24 14:07:37', '2024-05-24 14:07:37'),
(3, 'Gudang B', 'Lokasi B', '2024-05-24 14:07:37', '2024-05-24 14:07:37'),
(4, 'Gudang C', 'Lokasi C', '2024-05-24 14:07:37', '2024-05-24 14:07:37'),
(5, 'Gudang D', 'Lokasi D', '2024-05-24 14:07:37', '2024-05-24 14:07:37'),
(6, 'Gudang E', 'Lokasi E', '2024-05-24 14:07:37', '2024-05-24 14:07:37'),
(7, 'Gudang F', 'Lokasi F', '2024-05-24 14:07:37', '2024-05-24 14:07:37'),
(8, 'Gudang G', 'Lokasi G', '2024-05-24 14:07:37', '2024-05-24 14:07:37'),
(9, 'Gudang H', 'Lokasi H', '2024-05-24 14:07:37', '2024-05-24 14:07:37'),
(10, 'Gudang I', 'Lokasi I', '2024-05-24 14:07:37', '2024-05-24 14:07:37'),
(11, 'Gudang J', 'Lokasi J', '2024-05-24 14:07:37', '2024-05-24 14:07:37'),
(12, 'Gudang K', 'Lokasi K', '2024-05-24 14:07:37', '2024-05-24 14:07:37'),
(13, 'Gudang L', 'Lokasi L', '2024-05-24 14:07:37', '2024-05-24 14:07:37'),
(14, 'Gudang M', 'Lokasi M', '2024-05-24 14:07:37', '2024-05-24 14:07:37'),
(15, 'Gudang N', 'Lokasi N', '2024-05-24 14:07:37', '2024-05-24 14:07:37'),
(16, 'Gudang O', 'Lokasi O', '2024-05-24 14:07:37', '2024-05-24 14:07:37'),
(17, 'Gudang P', 'Lokasi P', '2024-05-24 14:07:37', '2024-05-24 14:07:37'),
(18, 'Gudang Q', 'Lokasi Q', '2024-05-24 14:07:37', '2024-05-24 14:07:37'),
(19, 'Gudang R', 'Lokasi R', '2024-05-24 14:07:37', '2024-05-24 14:07:37'),
(20, 'Gudang S', 'Lokasi S', '2024-05-24 14:07:37', '2024-05-24 14:07:37'),
(21, 'Gudang T', 'Lokasi T', '2024-05-24 14:07:37', '2024-05-24 14:07:37');

-- --------------------------------------------------------

--
-- Struktur dari tabel `hasil_saw`
--

CREATE TABLE `hasil_saw` (
  `id_hasil` int UNSIGNED NOT NULL,
  `id_alternatif` int UNSIGNED NOT NULL,
  `nilai_saw` double NOT NULL,
  `created_at` timestamp NULL DEFAULT NULL,
  `updated_at` timestamp NULL DEFAULT NULL
) ENGINE=InnoDB DEFAULT CHARSET=utf8mb4 COLLATE=utf8mb4_unicode_ci;

--
-- Dumping data untuk tabel `hasil_saw`
--

INSERT INTO `hasil_saw` (`id_hasil`, `id_alternatif`, `nilai_saw`, `created_at`, `updated_at`) VALUES
(1, 71, 0.803, '2024-05-30 00:33:13', '2024-05-30 00:33:13'),
(2, 64, 0.716, '2024-05-30 00:33:13', '2024-05-30 00:33:13'),
(3, 76, 0.688, '2024-05-30 00:33:14', '2024-05-30 00:33:14'),
(4, 65, 0.67, '2024-05-30 00:33:14', '2024-05-30 00:33:14'),
(5, 66, 0.615, '2024-05-30 00:33:14', '2024-05-30 00:33:14'),
(6, 62, 0.592, '2024-05-30 00:33:14', '2024-05-30 00:33:14'),
(7, 69, 0.549, '2024-05-30 00:33:14', '2024-05-30 00:33:14'),
(8, 73, 0.548, '2024-05-30 00:33:14', '2024-05-30 00:33:14'),
(9, 67, 0.475, '2024-05-30 00:33:14', '2024-05-30 00:33:14'),
(10, 75, 0.471, '2024-05-30 00:33:14', '2024-05-30 00:33:14'),
(11, 74, 0.463, '2024-05-30 00:33:14', '2024-05-30 00:33:14'),
(12, 70, 0.454, '2024-05-30 00:33:14', '2024-05-30 00:33:14'),
(13, 78, 0.422, '2024-05-30 00:33:14', '2024-05-30 00:33:14'),
(14, 68, 0.401, '2024-05-30 00:33:14', '2024-05-30 00:33:14'),
(15, 79, 0.397, '2024-05-30 00:33:14', '2024-05-30 00:33:14'),
(16, 72, 0.391, '2024-05-30 00:33:14', '2024-05-30 00:33:14'),
(17, 61, 0.39, '2024-05-30 00:33:14', '2024-05-30 00:33:14'),
(18, 77, 0.349, '2024-05-30 00:33:14', '2024-05-30 00:33:14'),
(19, 63, 0.184, '2024-05-30 00:33:14', '2024-05-30 00:33:14');

-- --------------------------------------------------------

--
-- Struktur dari tabel `jadwal_kirim`
--

CREATE TABLE `jadwal_kirim` (
  `id_jadwal` int UNSIGNED NOT NULL,
  `id_pengiriman` int UNSIGNED NOT NULL,
  `tanggal_kirim` date NOT NULL,
  `status` varchar(50) COLLATE utf8mb4_unicode_ci NOT NULL,
  `created_at` timestamp NULL DEFAULT NULL,
  `updated_at` timestamp NULL DEFAULT NULL
) ENGINE=InnoDB DEFAULT CHARSET=utf8mb4 COLLATE=utf8mb4_unicode_ci;

--
-- Dumping data untuk tabel `jadwal_kirim`
--

INSERT INTO `jadwal_kirim` (`id_jadwal`, `id_pengiriman`, `tanggal_kirim`, `status`, `created_at`, `updated_at`) VALUES
(1, 40, '2024-05-24', 'Sedang diproses', '2024-05-24 05:00:00', '2024-05-24 05:00:00'),
(2, 41, '2024-05-25', 'Dikirim', '2024-05-24 05:01:00', '2024-05-24 05:01:00'),
(3, 42, '2024-05-26', 'Selesai', '2024-05-24 05:02:00', '2024-05-24 05:02:00'),
(4, 43, '2024-05-27', 'Dikirim', '2024-05-24 05:03:00', '2024-05-24 05:03:00'),
(5, 44, '2024-05-28', 'Sedang diproses', '2024-05-24 05:04:00', '2024-05-24 05:04:00'),
(6, 45, '2024-05-29', 'Selesai', '2024-05-24 05:05:00', '2024-05-24 05:05:00'),
(7, 46, '2024-05-30', 'Sedang diproses', '2024-05-24 05:06:00', '2024-05-24 05:06:00'),
(8, 47, '2024-05-31', 'Dikirim', '2024-05-24 05:07:00', '2024-05-24 05:07:00'),
(9, 48, '2024-06-01', 'Selesai', '2024-05-24 05:08:00', '2024-05-24 05:08:00'),
(10, 49, '2024-06-02', 'Dikirim', '2024-05-24 05:09:00', '2024-05-24 05:09:00'),
(11, 50, '2024-06-03', 'Sedang diproses', '2024-05-24 05:10:00', '2024-05-24 05:10:00'),
(12, 51, '2024-06-04', 'Selesai', '2024-05-24 05:11:00', '2024-05-24 05:11:00'),
(13, 52, '2024-06-05', 'Dikirim', '2024-05-24 05:12:00', '2024-05-24 05:12:00'),
(14, 53, '2024-06-06', 'Sedang diproses', '2024-05-24 05:13:00', '2024-05-24 05:13:00'),
(15, 54, '2024-06-07', 'Selesai', '2024-05-24 05:14:00', '2024-05-24 05:14:00'),
(16, 55, '2024-06-08', 'Dikirim', '2024-05-24 05:15:00', '2024-05-24 05:15:00'),
(17, 56, '2024-06-09', 'Sedang diproses', '2024-05-24 05:16:00', '2024-05-24 05:16:00'),
(18, 57, '2024-06-10', 'Selesai', '2024-05-24 05:17:00', '2024-05-24 05:17:00'),
(19, 58, '2024-06-11', 'Dikirim', '2024-05-24 05:18:00', '2024-05-24 05:18:00');

-- --------------------------------------------------------

--
-- Struktur dari tabel `kendaraan`
--

CREATE TABLE `kendaraan` (
  `id_kendaraan` int UNSIGNED NOT NULL,
  `nama_kendaraan` varchar(255) COLLATE utf8mb4_unicode_ci NOT NULL,
  `nomor_plat` varchar(20) COLLATE utf8mb4_unicode_ci NOT NULL,
  `kapasitas` int NOT NULL,
  `created_at` timestamp NULL DEFAULT NULL,
  `updated_at` timestamp NULL DEFAULT NULL
) ENGINE=InnoDB DEFAULT CHARSET=utf8mb4 COLLATE=utf8mb4_unicode_ci;

--
-- Dumping data untuk tabel `kendaraan`
--

INSERT INTO `kendaraan` (`id_kendaraan`, `nama_kendaraan`, `nomor_plat`, `kapasitas`, `created_at`, `updated_at`) VALUES
(2, 'Toyota Avanza', 'B 1234 CD', 7, '2024-05-24 05:00:00', '2024-05-24 05:00:00'),
(3, 'Honda Civic', 'B 5678 EF', 5, '2024-05-24 05:01:00', '2024-05-24 05:01:00'),
(4, 'Suzuki Ertiga', 'B 9101 GH', 7, '2024-05-24 05:02:00', '2024-05-24 05:02:00'),
(5, 'Daihatsu Xenia', 'B 1121 IJ', 5, '2024-05-24 05:03:00', '2024-05-24 23:02:28'),
(6, 'Mitsubishi Pajero', 'B 3141 KL', 7, '2024-05-24 05:04:00', '2024-05-24 05:04:00'),
(7, 'Nissan Juke', 'B 5161 MN', 5, '2024-05-24 05:05:00', '2024-05-24 05:05:00'),
(8, 'Toyota Fortuner', 'B 7181 OP', 7, '2024-05-24 05:06:00', '2024-05-24 05:06:00'),
(9, 'Honda HR-V', 'B 9201 QR', 5, '2024-05-24 05:07:00', '2024-05-24 05:07:00'),
(10, 'Ford Ranger', 'B 1222 ST', 5, '2024-05-24 05:08:00', '2024-05-24 05:08:00'),
(11, 'Chevrolet Spin', 'B 3242 UV', 6, '2024-05-24 05:09:00', '2024-05-24 23:02:23'),
(12, 'Mazda CX-5', 'B 5262 WX', 5, '2024-05-24 05:10:00', '2024-05-24 05:10:00'),
(13, 'Hyundai Santa Fe', 'B 7282 YZ', 7, '2024-05-24 05:11:00', '2024-05-24 05:11:00'),
(14, 'Kia Sportage', 'B 9303 AB', 5, '2024-05-24 05:12:00', '2024-05-24 05:12:00'),
(15, 'Isuzu Panther', 'B 1323 CD', 7, '2024-05-24 05:13:00', '2024-05-24 05:13:00'),
(16, 'Volkswagen Tiguan', 'B 3343 EF', 5, '2024-05-24 05:14:00', '2024-05-24 05:14:00'),
(17, 'Subaru Forester', 'B 5363 GH', 5, '2024-05-24 05:15:00', '2024-05-24 05:15:00'),
(18, 'Mitsubishi Outlander', 'B 7383 IJ', 7, '2024-05-24 05:16:00', '2024-05-24 05:16:00'),
(19, 'Renault Duster', 'B 9403 KL', 5, '2024-05-24 05:17:00', '2024-05-24 05:17:00'),
(20, 'Jeep Wrangler', 'B 1423 MN', 5, '2024-05-24 05:18:00', '2024-05-24 05:18:00'),
(21, 'Peugeot 3008', 'B 3443 OP', 5, '2024-05-24 05:19:00', '2024-05-24 05:19:00');

-- --------------------------------------------------------

--
-- Struktur dari tabel `kriteria`
--

CREATE TABLE `kriteria` (
  `id_kriteria` int UNSIGNED NOT NULL,
  `nama_kriteria` varchar(255) COLLATE utf8mb4_unicode_ci NOT NULL,
  `deskripsi` text COLLATE utf8mb4_unicode_ci,
  `bobot` double NOT NULL,
  `created_at` timestamp NULL DEFAULT NULL,
  `updated_at` timestamp NULL DEFAULT NULL
) ENGINE=InnoDB DEFAULT CHARSET=utf8mb4 COLLATE=utf8mb4_unicode_ci;

--
-- Dumping data untuk tabel `kriteria`
--

INSERT INTO `kriteria` (`id_kriteria`, `nama_kriteria`, `deskripsi`, `bobot`, `created_at`, `updated_at`) VALUES
(1, 'Harga', 'Harga produk', 0.3, '2024-05-24 05:00:00', '2024-05-24 05:00:00'),
(2, 'Kualitas', 'Kualitas produk', 0.4, '2024-05-24 05:01:00', '2024-05-24 05:01:00'),
(3, 'Pelayanan', 'Pelayanan pelanggan', 0.2, '2024-05-24 05:02:00', '2024-05-24 05:02:00'),
(4, 'Lokasi', 'Lokasi toko', 0.1, '2024-05-24 05:03:00', '2024-05-24 05:03:00');

-- --------------------------------------------------------

--
-- Struktur dari tabel `migrations`
--

CREATE TABLE `migrations` (
  `id` int UNSIGNED NOT NULL,
  `migration` varchar(255) COLLATE utf8mb4_unicode_ci NOT NULL,
  `batch` int NOT NULL
) ENGINE=InnoDB DEFAULT CHARSET=utf8mb4 COLLATE=utf8mb4_unicode_ci;

--
-- Dumping data untuk tabel `migrations`
--

INSERT INTO `migrations` (`id`, `migration`, `batch`) VALUES
(1, '2024_05_24_044255_create_sessions_table', 1),
(2, '2024_05_24_044627_create_barang_tabel', 2),
(3, '2024_05_24_044710_create_gudang_tabel', 2),
(4, '2024_05_24_044723_create_toko_tabel', 2),
(5, '2024_05_24_044733_create_kendaraan_tabel', 2),
(6, '2024_05_24_044743_create_supir_tabel', 2),
(7, '2024_05_24_044753_create_alternatif_tabel', 2),
(8, '2024_05_24_044804_create_pegawai_tabel', 2),
(9, '2024_05_24_044815_create_kriteria_tabel', 2),
(10, '2024_05_24_044828_create_rating_kriteria_tabel', 2),
(11, '2024_05_24_044838_create_pengiriman_tabel', 2),
(12, '2024_05_24_044854_create_jadwal_kirim_tabel', 2),
(13, '2024_05_24_044906_create_normalisasi_tabel', 2),
(14, '2024_05_24_044919_create_hasil_saw_tabel', 2),
(15, '2024_05_24_062841_create_users_table', 3),
(16, '2024_05_24_180710_change_nilai_to_double_in_rating_kriteria_table', 4),
(17, '2024_05_25_033118_add_nilai_to_alternatif_table', 5),
(18, '2024_05_25_040823_add_criteria_columns_to_alternatif_table', 6);

-- --------------------------------------------------------

--
-- Struktur dari tabel `normalisasi`
--

CREATE TABLE `normalisasi` (
  `id_normalisasi` int UNSIGNED NOT NULL,
  `id_alternatif` int UNSIGNED NOT NULL,
  `id_kriteria` int UNSIGNED NOT NULL,
  `nilai_normalisasi` double NOT NULL,
  `created_at` timestamp NULL DEFAULT NULL,
  `updated_at` timestamp NULL DEFAULT NULL
) ENGINE=InnoDB DEFAULT CHARSET=utf8mb4 COLLATE=utf8mb4_unicode_ci;

--
-- Dumping data untuk tabel `normalisasi`
--

INSERT INTO `normalisasi` (`id_normalisasi`, `id_alternatif`, `id_kriteria`, `nilai_normalisasi`, `created_at`, `updated_at`) VALUES
(77, 61, 1, 0.57, '2024-05-24 19:43:26', '2024-05-25 02:54:34'),
(78, 62, 2, 0.95, '2024-05-24 19:43:26', '2024-05-25 02:54:34'),
(79, 63, 3, 0.12, '2024-05-24 19:43:26', '2024-05-25 02:54:34'),
(80, 64, 4, 0.73, '2024-05-24 19:43:26', '2024-05-25 02:54:34'),
(81, 65, 1, 0.28, '2024-05-24 19:43:26', '2024-05-25 02:54:34'),
(82, 66, 2, 0.24, '2024-05-24 19:43:26', '2024-05-25 02:54:34'),
(83, 67, 3, 0.34, '2024-05-24 19:43:26', '2024-05-25 02:54:34'),
(84, 68, 4, 0.97, '2024-05-24 19:43:26', '2024-05-25 02:54:34'),
(85, 69, 1, 0.84, '2024-05-24 19:43:26', '2024-05-25 02:54:34'),
(86, 70, 2, 0.28, '2024-05-24 19:43:26', '2024-05-25 02:54:34'),
(87, 71, 3, 0.9, '2024-05-24 19:43:26', '2024-05-25 02:54:34'),
(88, 72, 4, 0.64, '2024-05-24 19:43:26', '2024-05-25 02:54:34'),
(89, 73, 1, 0.5, '2024-05-24 19:43:26', '2024-05-25 02:54:34'),
(90, 74, 2, 0.57, '2024-05-24 19:43:26', '2024-05-25 02:54:34'),
(91, 75, 3, 0.34, '2024-05-24 19:43:26', '2024-05-25 02:54:34'),
(92, 76, 4, 0.01, '2024-05-24 19:43:26', '2024-05-25 02:54:34'),
(93, 77, 1, 0.02, '2024-05-24 19:43:26', '2024-05-25 02:54:34'),
(94, 78, 2, 0.08, '2024-05-24 19:43:26', '2024-05-25 02:54:34'),
(95, 79, 3, 0.34, '2024-05-24 19:43:26', '2024-05-25 02:54:34'),
(96, 61, 1, 0.47, '2024-05-24 23:24:05', '2024-05-24 23:24:05'),
(97, 61, 2, 0.37, '2024-05-24 23:24:05', '2024-05-25 02:54:34'),
(98, 61, 3, 0.27, '2024-05-24 23:24:05', '2024-05-25 02:54:34'),
(99, 61, 4, 0.17, '2024-05-24 23:24:05', '2024-05-25 02:54:34'),
(100, 62, 1, 0.04, '2024-05-24 23:24:05', '2024-05-25 02:54:34'),
(101, 62, 2, 0.78, '2024-05-24 23:24:05', '2024-05-24 23:24:05'),
(102, 62, 3, 0.76, '2024-05-24 23:24:05', '2024-05-25 02:54:34'),
(103, 62, 4, 0.48, '2024-05-24 23:24:05', '2024-05-25 02:54:34'),
(104, 63, 1, 0.13, '2024-05-24 23:24:05', '2024-05-25 02:54:34'),
(105, 63, 2, 0.2, '2024-05-24 23:24:05', '2024-05-25 02:54:34'),
(106, 63, 3, 0.6, '2024-05-24 23:24:05', '2024-05-24 23:24:05'),
(107, 63, 4, 0.41, '2024-05-24 23:24:05', '2024-05-25 02:54:34'),
(108, 64, 1, 0.23, '2024-05-24 23:24:05', '2024-05-25 02:54:34'),
(109, 64, 2, 0.94, '2024-05-24 23:24:05', '2024-05-25 02:54:34'),
(110, 64, 3, 0.99, '2024-05-24 23:24:05', '2024-05-25 02:54:34'),
(111, 64, 4, 0.13, '2024-05-24 23:24:05', '2024-05-24 23:24:05'),
(112, 65, 1, 0.67, '2024-05-24 23:24:05', '2024-05-24 23:24:05'),
(113, 65, 2, 0.97, '2024-05-24 23:24:05', '2024-05-25 02:54:34'),
(114, 65, 3, 0.84, '2024-05-24 23:24:05', '2024-05-25 02:54:34'),
(115, 65, 4, 0.3, '2024-05-24 23:24:05', '2024-05-25 02:54:34'),
(116, 66, 1, 0.97, '2024-05-24 23:24:05', '2024-05-25 02:54:34'),
(117, 66, 2, 0.96, '2024-05-24 23:24:05', '2024-05-24 23:24:05'),
(118, 66, 3, 0.88, '2024-05-24 23:24:05', '2024-05-25 02:54:34'),
(119, 66, 4, 0.52, '2024-05-24 23:24:05', '2024-05-25 02:54:34'),
(120, 67, 1, 0.95, '2024-05-24 23:24:05', '2024-05-25 02:54:34'),
(121, 67, 2, 0.21, '2024-05-24 23:24:05', '2024-05-25 02:54:34'),
(122, 67, 3, 0.2, '2024-05-24 23:24:05', '2024-05-24 23:24:05'),
(123, 67, 4, 0.38, '2024-05-24 23:24:05', '2024-05-25 02:54:34'),
(124, 68, 1, 0.28, '2024-05-24 23:24:05', '2024-05-25 02:54:34'),
(125, 68, 2, 0.28, '2024-05-24 23:24:05', '2024-05-25 02:54:34'),
(126, 68, 3, 0.54, '2024-05-24 23:24:05', '2024-05-25 02:54:34'),
(127, 68, 4, 0.88, '2024-05-24 23:24:05', '2024-05-24 23:24:05'),
(128, 69, 1, 0.77, '2024-05-24 23:24:05', '2024-05-24 23:24:05'),
(129, 69, 2, 0.23, '2024-05-24 23:24:05', '2024-05-25 02:54:34'),
(130, 69, 3, 0.82, '2024-05-24 23:24:05', '2024-05-25 02:54:34'),
(131, 69, 4, 0.41, '2024-05-24 23:24:05', '2024-05-25 02:54:34'),
(132, 70, 1, 0.57, '2024-05-24 23:24:05', '2024-05-25 02:54:34'),
(133, 70, 2, 0.65, '2024-05-24 23:24:05', '2024-05-24 23:24:05'),
(134, 70, 3, 0.52, '2024-05-24 23:24:05', '2024-05-25 02:54:34'),
(135, 70, 4, 0.67, '2024-05-24 23:24:05', '2024-05-25 02:54:34'),
(136, 71, 1, 0.77, '2024-05-24 23:24:05', '2024-05-25 02:54:34'),
(137, 71, 2, 0.87, '2024-05-24 23:24:05', '2024-05-25 02:54:34'),
(138, 71, 3, 0.01, '2024-05-24 23:24:05', '2024-05-24 23:24:05'),
(139, 71, 4, 0.44, '2024-05-24 23:24:05', '2024-05-25 02:54:34'),
(140, 72, 1, 0.17, '2024-05-24 23:24:05', '2024-05-25 02:54:34'),
(141, 72, 2, 0.56, '2024-05-24 23:24:05', '2024-05-25 02:54:34'),
(142, 72, 3, 0.26, '2024-05-24 23:24:05', '2024-05-25 02:54:34'),
(143, 72, 4, 0.61, '2024-05-24 23:24:05', '2024-05-24 23:24:05'),
(144, 73, 1, 0.3, '2024-05-24 23:24:05', '2024-05-24 23:24:05'),
(145, 73, 2, 0.68, '2024-05-24 23:24:05', '2024-05-25 02:54:34'),
(146, 73, 3, 0.47, '2024-05-24 23:24:05', '2024-05-25 02:54:34'),
(147, 73, 4, 0.32, '2024-05-24 23:24:05', '2024-05-25 02:54:34'),
(148, 74, 1, 0.21, '2024-05-24 23:24:05', '2024-05-25 02:54:34'),
(149, 74, 2, 0.06, '2024-05-24 23:24:05', '2024-05-24 23:24:05'),
(150, 74, 3, 0.7, '2024-05-24 23:24:05', '2024-05-25 02:54:34'),
(151, 74, 4, 0.32, '2024-05-24 23:24:05', '2024-05-25 02:54:34'),
(152, 75, 1, 0.47, '2024-05-24 23:24:05', '2024-05-25 02:54:34'),
(153, 75, 2, 0.41, '2024-05-24 23:24:05', '2024-05-25 02:54:34'),
(154, 75, 3, 0.64, '2024-05-24 23:24:05', '2024-05-24 23:24:05'),
(155, 75, 4, 0.98, '2024-05-24 23:24:05', '2024-05-25 02:54:34'),
(156, 76, 1, 0.95, '2024-05-24 23:24:05', '2024-05-25 02:54:34'),
(157, 76, 2, 0.84, '2024-05-24 23:24:05', '2024-05-25 02:54:34'),
(158, 76, 3, 0.33, '2024-05-24 23:24:05', '2024-05-25 02:54:34'),
(159, 76, 4, 0.12, '2024-05-24 23:24:05', '2024-05-24 23:24:05'),
(160, 77, 1, 0.63, '2024-05-24 23:24:05', '2024-05-24 23:24:05'),
(161, 77, 2, 0.8, '2024-05-24 23:24:05', '2024-05-25 02:54:34'),
(162, 77, 3, 0.09, '2024-05-24 23:24:05', '2024-05-25 02:54:34'),
(163, 77, 4, 0.05, '2024-05-24 23:24:05', '2024-05-25 02:54:34'),
(164, 78, 1, 0.99, '2024-05-24 23:24:05', '2024-05-25 02:54:34'),
(165, 78, 2, 0.81, '2024-05-24 23:24:05', '2024-05-24 23:24:05'),
(166, 78, 3, 0.05, '2024-05-24 23:24:05', '2024-05-25 02:54:34'),
(167, 78, 4, 0.83, '2024-05-24 23:24:05', '2024-05-25 02:54:34'),
(168, 79, 1, 0.02, '2024-05-24 23:24:05', '2024-05-25 02:54:34'),
(169, 79, 2, 0.6, '2024-05-24 23:24:05', '2024-05-25 02:54:34'),
(170, 79, 3, 0.92, '2024-05-24 23:24:05', '2024-05-24 23:24:05'),
(171, 79, 4, 0.83, '2024-05-24 23:24:05', '2024-05-25 02:54:34'),
(172, 61, 1, 0.37, '2024-05-25 01:57:25', '2024-05-25 01:57:25'),
(173, 61, 2, 0.35, '2024-05-25 01:57:25', '2024-05-25 01:57:25'),
(174, 61, 3, 0.66, '2024-05-25 01:57:25', '2024-05-25 01:57:25'),
(175, 61, 4, 0.23, '2024-05-25 01:57:25', '2024-05-25 01:57:25'),
(176, 62, 1, 0.19, '2024-05-25 01:57:25', '2024-05-25 01:57:25'),
(177, 62, 2, 0.23, '2024-05-25 01:57:25', '2024-05-25 01:57:25'),
(178, 62, 3, 0.61, '2024-05-25 01:57:25', '2024-05-25 01:57:25'),
(179, 62, 4, 0.37, '2024-05-25 01:57:25', '2024-05-25 01:57:25'),
(180, 63, 1, 0.99, '2024-05-25 01:57:25', '2024-05-25 01:57:25'),
(181, 63, 2, 0.84, '2024-05-25 01:57:25', '2024-05-25 01:57:25'),
(182, 63, 3, 0.26, '2024-05-25 01:57:25', '2024-05-25 01:57:25'),
(183, 63, 4, 0.75, '2024-05-25 01:57:25', '2024-05-25 01:57:25'),
(184, 64, 1, 0.99, '2024-05-25 01:57:25', '2024-05-25 01:57:25'),
(185, 64, 2, 0.69, '2024-05-25 01:57:25', '2024-05-25 01:57:25'),
(186, 64, 3, 0.48, '2024-05-25 01:57:25', '2024-05-25 01:57:25'),
(187, 64, 4, 0.32, '2024-05-25 01:57:25', '2024-05-25 01:57:25'),
(188, 65, 1, 0.16, '2024-05-25 01:57:25', '2024-05-25 01:57:25'),
(189, 65, 2, 0.83, '2024-05-25 01:57:25', '2024-05-25 01:57:25'),
(190, 65, 3, 0.66, '2024-05-25 01:57:25', '2024-05-25 01:57:25'),
(191, 65, 4, 0.83, '2024-05-25 01:57:25', '2024-05-25 01:57:25'),
(192, 66, 1, 0.19, '2024-05-25 01:57:25', '2024-05-25 01:57:25'),
(193, 66, 2, 0.42, '2024-05-25 01:57:25', '2024-05-25 01:57:25'),
(194, 66, 3, 0.56, '2024-05-25 01:57:25', '2024-05-25 01:57:25'),
(195, 66, 4, 0.51, '2024-05-25 01:57:25', '2024-05-25 01:57:25'),
(196, 67, 1, 0.89, '2024-05-25 01:57:25', '2024-05-25 01:57:25'),
(197, 67, 2, 0.9, '2024-05-25 01:57:25', '2024-05-25 01:57:25'),
(198, 67, 3, 0.83, '2024-05-25 01:57:25', '2024-05-25 01:57:25'),
(199, 67, 4, 0.48, '2024-05-25 01:57:25', '2024-05-25 01:57:25'),
(200, 68, 1, 0.88, '2024-05-25 01:57:25', '2024-05-25 01:57:25'),
(201, 68, 2, 0.97, '2024-05-25 01:57:25', '2024-05-25 01:57:25'),
(202, 68, 3, 0.21, '2024-05-25 01:57:25', '2024-05-25 01:57:25'),
(203, 68, 4, 0.15, '2024-05-25 01:57:25', '2024-05-25 01:57:25'),
(204, 69, 1, 0.12, '2024-05-25 01:57:25', '2024-05-25 01:57:25'),
(205, 69, 2, 0.13, '2024-05-25 01:57:25', '2024-05-25 01:57:25'),
(206, 69, 3, 0.28, '2024-05-25 01:57:25', '2024-05-25 01:57:25'),
(207, 69, 4, 0.03, '2024-05-25 01:57:25', '2024-05-25 01:57:25'),
(208, 70, 1, 0.33, '2024-05-25 01:57:25', '2024-05-25 01:57:25'),
(209, 70, 2, 0.53, '2024-05-25 01:57:25', '2024-05-25 01:57:25'),
(210, 70, 3, 0.66, '2024-05-25 01:57:25', '2024-05-25 01:57:25'),
(211, 70, 4, 0.72, '2024-05-25 01:57:25', '2024-05-25 01:57:25'),
(212, 71, 1, 0.63, '2024-05-25 01:57:25', '2024-05-25 01:57:25'),
(213, 71, 2, 0.98, '2024-05-25 01:57:25', '2024-05-25 01:57:25'),
(214, 71, 3, 0.02, '2024-05-25 01:57:25', '2024-05-25 01:57:25'),
(215, 71, 4, 0.14, '2024-05-25 01:57:25', '2024-05-25 01:57:25'),
(216, 72, 1, 0.65, '2024-05-25 01:57:25', '2024-05-25 01:57:25'),
(217, 72, 2, 0.82, '2024-05-25 01:57:25', '2024-05-25 01:57:25'),
(218, 72, 3, 0.15, '2024-05-25 01:57:25', '2024-05-25 01:57:25'),
(219, 72, 4, 0.31, '2024-05-25 01:57:25', '2024-05-25 01:57:25'),
(220, 73, 1, 0.08, '2024-05-25 01:57:25', '2024-05-25 01:57:25'),
(221, 73, 2, 0.48, '2024-05-25 01:57:25', '2024-05-25 01:57:25'),
(222, 73, 3, 0.14, '2024-05-25 01:57:25', '2024-05-25 01:57:25'),
(223, 73, 4, 0.29, '2024-05-25 01:57:25', '2024-05-25 01:57:25'),
(224, 74, 1, 1, '2024-05-25 01:57:25', '2024-05-25 01:57:25'),
(225, 74, 2, 0.13, '2024-05-25 01:57:25', '2024-05-25 01:57:25'),
(226, 74, 3, 0.66, '2024-05-25 01:57:25', '2024-05-25 01:57:25'),
(227, 74, 4, 0.89, '2024-05-25 01:57:25', '2024-05-25 01:57:25'),
(228, 75, 1, 0.48, '2024-05-25 01:57:25', '2024-05-25 01:57:25'),
(229, 75, 2, 0.73, '2024-05-25 01:57:25', '2024-05-25 01:57:25'),
(230, 75, 3, 0.22, '2024-05-25 01:57:25', '2024-05-25 01:57:25'),
(231, 75, 4, 0.91, '2024-05-25 01:57:25', '2024-05-25 01:57:25'),
(232, 76, 1, 0.91, '2024-05-25 01:57:25', '2024-05-25 01:57:25'),
(233, 76, 2, 0.78, '2024-05-25 01:57:25', '2024-05-25 01:57:25'),
(234, 76, 3, 0.2, '2024-05-25 01:57:25', '2024-05-25 01:57:25'),
(235, 76, 4, 0.66, '2024-05-25 01:57:25', '2024-05-25 01:57:25'),
(236, 77, 1, 0.7, '2024-05-25 01:57:25', '2024-05-25 01:57:25'),
(237, 77, 2, 0.52, '2024-05-25 01:57:25', '2024-05-25 01:57:25'),
(238, 77, 3, 0.48, '2024-05-25 01:57:25', '2024-05-25 01:57:25'),
(239, 77, 4, 0.86, '2024-05-25 01:57:25', '2024-05-25 01:57:25'),
(240, 78, 1, 0.84, '2024-05-25 01:57:25', '2024-05-25 01:57:25'),
(241, 78, 2, 0.64, '2024-05-25 01:57:25', '2024-05-25 01:57:25'),
(242, 78, 3, 0.68, '2024-05-25 01:57:25', '2024-05-25 01:57:25'),
(243, 78, 4, 0.47, '2024-05-25 01:57:25', '2024-05-25 01:57:25'),
(244, 79, 1, 0.32, '2024-05-25 01:57:25', '2024-05-25 01:57:25'),
(245, 79, 2, 0.2, '2024-05-25 01:57:25', '2024-05-25 01:57:25'),
(246, 79, 3, 0.04, '2024-05-25 01:57:25', '2024-05-25 01:57:25'),
(247, 79, 4, 0.61, '2024-05-25 01:57:25', '2024-05-25 01:57:25'),
(248, 61, 1, 0.92, '2024-05-25 02:08:32', '2024-05-25 02:08:32'),
(249, 61, 2, 0.78, '2024-05-25 02:08:32', '2024-05-25 02:08:32'),
(250, 61, 3, 0.14, '2024-05-25 02:08:32', '2024-05-25 02:08:32'),
(251, 61, 4, 0.35, '2024-05-25 02:08:32', '2024-05-25 02:08:32'),
(252, 62, 1, 0.31, '2024-05-25 02:08:32', '2024-05-25 02:08:32'),
(253, 62, 2, 0.53, '2024-05-25 02:08:32', '2024-05-25 02:08:32'),
(254, 62, 3, 0.69, '2024-05-25 02:08:32', '2024-05-25 02:08:32'),
(255, 62, 4, 0.87, '2024-05-25 02:08:32', '2024-05-25 02:08:32'),
(256, 63, 1, 0.3, '2024-05-25 02:08:32', '2024-05-25 02:08:32'),
(257, 63, 2, 0.88, '2024-05-25 02:08:32', '2024-05-25 02:08:32'),
(258, 63, 3, 0.48, '2024-05-25 02:08:32', '2024-05-25 02:08:32'),
(259, 63, 4, 0.78, '2024-05-25 02:08:32', '2024-05-25 02:08:32'),
(260, 64, 1, 0.48, '2024-05-25 02:08:32', '2024-05-25 02:08:32'),
(261, 64, 2, 0.02, '2024-05-25 02:08:32', '2024-05-25 02:08:32'),
(262, 64, 3, 0.69, '2024-05-25 02:08:32', '2024-05-25 02:08:32'),
(263, 64, 4, 0.39, '2024-05-25 02:08:32', '2024-05-25 02:08:32'),
(264, 65, 1, 0.89, '2024-05-25 02:08:32', '2024-05-25 02:08:32'),
(265, 65, 2, 0.28, '2024-05-25 02:08:32', '2024-05-25 02:08:32'),
(266, 65, 3, 0.74, '2024-05-25 02:08:32', '2024-05-25 02:08:32'),
(267, 65, 4, 0.86, '2024-05-25 02:08:32', '2024-05-25 02:08:32'),
(268, 66, 1, 0.08, '2024-05-25 02:08:32', '2024-05-25 02:08:32'),
(269, 66, 2, 0.8, '2024-05-25 02:08:32', '2024-05-25 02:08:32'),
(270, 66, 3, 0.75, '2024-05-25 02:08:32', '2024-05-25 02:08:32'),
(271, 66, 4, 0.36, '2024-05-25 02:08:32', '2024-05-25 02:08:32'),
(272, 67, 1, 0.57, '2024-05-25 02:08:32', '2024-05-25 02:08:32'),
(273, 67, 2, 0.76, '2024-05-25 02:08:32', '2024-05-25 02:08:32'),
(274, 67, 3, 0.07, '2024-05-25 02:08:32', '2024-05-25 02:08:32'),
(275, 67, 4, 0.08, '2024-05-25 02:08:32', '2024-05-25 02:08:32'),
(276, 68, 1, 0.19, '2024-05-25 02:08:32', '2024-05-25 02:08:32'),
(277, 68, 2, 0.72, '2024-05-25 02:08:32', '2024-05-25 02:08:32'),
(278, 68, 3, 0.03, '2024-05-25 02:08:32', '2024-05-25 02:08:32'),
(279, 68, 4, 0, '2024-05-25 02:08:32', '2024-05-25 02:08:32'),
(280, 69, 1, 0.92, '2024-05-25 02:08:32', '2024-05-25 02:08:32'),
(281, 69, 2, 0.58, '2024-05-25 02:08:32', '2024-05-25 02:08:32'),
(282, 69, 3, 0.16, '2024-05-25 02:08:32', '2024-05-25 02:08:32'),
(283, 69, 4, 0.03, '2024-05-25 02:08:32', '2024-05-25 02:08:32'),
(284, 70, 1, 0.69, '2024-05-25 02:08:32', '2024-05-25 02:08:32'),
(285, 70, 2, 0.36, '2024-05-25 02:08:32', '2024-05-25 02:08:32'),
(286, 70, 3, 0.72, '2024-05-25 02:08:32', '2024-05-25 02:08:32'),
(287, 70, 4, 0.52, '2024-05-25 02:08:32', '2024-05-25 02:08:32'),
(288, 71, 1, 0.46, '2024-05-25 02:08:32', '2024-05-25 02:08:32'),
(289, 71, 2, 0.71, '2024-05-25 02:08:32', '2024-05-25 02:08:32'),
(290, 71, 3, 0.2, '2024-05-25 02:08:32', '2024-05-25 02:08:32'),
(291, 71, 4, 0.85, '2024-05-25 02:08:32', '2024-05-25 02:08:32'),
(292, 72, 1, 0.66, '2024-05-25 02:08:32', '2024-05-25 02:08:32'),
(293, 72, 2, 0.75, '2024-05-25 02:08:32', '2024-05-25 02:08:32'),
(294, 72, 3, 0.76, '2024-05-25 02:08:32', '2024-05-25 02:08:32'),
(295, 72, 4, 0.56, '2024-05-25 02:08:32', '2024-05-25 02:08:32'),
(296, 73, 1, 0.53, '2024-05-25 02:08:32', '2024-05-25 02:08:32'),
(297, 73, 2, 0.96, '2024-05-25 02:08:32', '2024-05-25 02:08:32'),
(298, 73, 3, 0.19, '2024-05-25 02:08:32', '2024-05-25 02:08:32'),
(299, 73, 4, 0.08, '2024-05-25 02:08:32', '2024-05-25 02:08:32'),
(300, 74, 1, 0.84, '2024-05-25 02:08:32', '2024-05-25 02:08:32'),
(301, 74, 2, 0.97, '2024-05-25 02:08:32', '2024-05-25 02:08:32'),
(302, 74, 3, 0.31, '2024-05-25 02:08:32', '2024-05-25 02:08:32'),
(303, 74, 4, 0.63, '2024-05-25 02:08:32', '2024-05-25 02:08:32'),
(304, 75, 1, 0.23, '2024-05-25 02:08:32', '2024-05-25 02:08:32'),
(305, 75, 2, 0.27, '2024-05-25 02:08:32', '2024-05-25 02:08:32'),
(306, 75, 3, 0.66, '2024-05-25 02:08:32', '2024-05-25 02:08:32'),
(307, 75, 4, 0.49, '2024-05-25 02:08:32', '2024-05-25 02:08:32'),
(308, 76, 1, 0.46, '2024-05-25 02:08:32', '2024-05-25 02:08:32'),
(309, 76, 2, 0.83, '2024-05-25 02:08:32', '2024-05-25 02:08:32'),
(310, 76, 3, 0.76, '2024-05-25 02:08:32', '2024-05-25 02:08:32'),
(311, 76, 4, 0.31, '2024-05-25 02:08:32', '2024-05-25 02:08:32'),
(312, 77, 1, 0.28, '2024-05-25 02:08:32', '2024-05-25 02:08:32'),
(313, 77, 2, 0.47, '2024-05-25 02:08:32', '2024-05-25 02:08:32'),
(314, 77, 3, 0.49, '2024-05-25 02:08:32', '2024-05-25 02:08:32'),
(315, 77, 4, 0.05, '2024-05-25 02:08:32', '2024-05-25 02:08:32'),
(316, 78, 1, 0.8, '2024-05-25 02:08:32', '2024-05-25 02:08:32'),
(317, 78, 2, 0.84, '2024-05-25 02:08:32', '2024-05-25 02:08:32'),
(318, 78, 3, 0.81, '2024-05-25 02:08:32', '2024-05-25 02:08:32'),
(319, 78, 4, 0.54, '2024-05-25 02:08:32', '2024-05-25 02:08:32'),
(320, 79, 1, 0.27, '2024-05-25 02:08:32', '2024-05-25 02:08:32'),
(321, 79, 2, 0.7, '2024-05-25 02:08:32', '2024-05-25 02:08:32'),
(322, 79, 3, 0.71, '2024-05-25 02:08:32', '2024-05-25 02:08:32'),
(323, 79, 4, 0.44, '2024-05-25 02:08:32', '2024-05-25 02:08:32'),
(324, 61, 1, 0.09, '2024-05-25 02:13:34', '2024-05-25 02:13:34'),
(325, 61, 2, 0.12, '2024-05-25 02:13:34', '2024-05-25 02:13:34'),
(326, 61, 3, 0.32, '2024-05-25 02:13:34', '2024-05-25 02:13:34'),
(327, 61, 4, 0.23, '2024-05-25 02:13:34', '2024-05-25 02:13:34'),
(328, 62, 1, 0.21, '2024-05-25 02:13:34', '2024-05-25 02:13:34'),
(329, 62, 2, 0.36, '2024-05-25 02:13:34', '2024-05-25 02:13:34'),
(330, 62, 3, 0.18, '2024-05-25 02:13:34', '2024-05-25 02:13:34'),
(331, 62, 4, 0.82, '2024-05-25 02:13:34', '2024-05-25 02:13:34'),
(332, 63, 1, 0.56, '2024-05-25 02:13:34', '2024-05-25 02:13:34'),
(333, 63, 2, 0.35, '2024-05-25 02:13:34', '2024-05-25 02:13:34'),
(334, 63, 3, 0.08, '2024-05-25 02:13:34', '2024-05-25 02:13:34'),
(335, 63, 4, 0.33, '2024-05-25 02:13:34', '2024-05-25 02:13:34'),
(336, 64, 1, 0.41, '2024-05-25 02:13:34', '2024-05-25 02:13:34'),
(337, 64, 2, 0.08, '2024-05-25 02:13:34', '2024-05-25 02:13:34'),
(338, 64, 3, 0.15, '2024-05-25 02:13:34', '2024-05-25 02:13:34'),
(339, 64, 4, 0.51, '2024-05-25 02:13:34', '2024-05-25 02:13:34'),
(340, 65, 1, 0.11, '2024-05-25 02:13:34', '2024-05-25 02:13:34'),
(341, 65, 2, 0.03, '2024-05-25 02:13:34', '2024-05-25 02:13:34'),
(342, 65, 3, 0.82, '2024-05-25 02:13:34', '2024-05-25 02:13:34'),
(343, 65, 4, 0.02, '2024-05-25 02:13:34', '2024-05-25 02:13:34'),
(344, 66, 1, 0.62, '2024-05-25 02:13:34', '2024-05-25 02:13:34'),
(345, 66, 2, 0.05, '2024-05-25 02:13:34', '2024-05-25 02:13:34'),
(346, 66, 3, 0.39, '2024-05-25 02:13:34', '2024-05-25 02:13:34'),
(347, 66, 4, 0.8, '2024-05-25 02:13:34', '2024-05-25 02:13:34'),
(348, 67, 1, 0.81, '2024-05-25 02:13:34', '2024-05-25 02:13:34'),
(349, 67, 2, 0.67, '2024-05-25 02:13:34', '2024-05-25 02:13:34'),
(350, 67, 3, 0.89, '2024-05-25 02:13:34', '2024-05-25 02:13:34'),
(351, 67, 4, 0.48, '2024-05-25 02:13:34', '2024-05-25 02:13:34'),
(352, 68, 1, 0.71, '2024-05-25 02:13:34', '2024-05-25 02:13:34'),
(353, 68, 2, 0.1, '2024-05-25 02:13:34', '2024-05-25 02:13:34'),
(354, 68, 3, 0.4, '2024-05-25 02:13:34', '2024-05-25 02:13:34'),
(355, 68, 4, 0.68, '2024-05-25 02:13:34', '2024-05-25 02:13:34'),
(356, 69, 1, 0.19, '2024-05-25 02:13:34', '2024-05-25 02:13:34'),
(357, 69, 2, 0.92, '2024-05-25 02:13:34', '2024-05-25 02:13:34'),
(358, 69, 3, 0.04, '2024-05-25 02:13:34', '2024-05-25 02:13:34'),
(359, 69, 4, 0.44, '2024-05-25 02:13:34', '2024-05-25 02:13:34'),
(360, 70, 1, 0.07, '2024-05-25 02:13:34', '2024-05-25 02:13:34'),
(361, 70, 2, 0.05, '2024-05-25 02:13:34', '2024-05-25 02:13:34'),
(362, 70, 3, 0.03, '2024-05-25 02:13:34', '2024-05-25 02:13:34'),
(363, 70, 4, 0.01, '2024-05-25 02:13:34', '2024-05-25 02:13:34'),
(364, 71, 1, 0.94, '2024-05-25 02:13:34', '2024-05-25 02:13:34'),
(365, 71, 2, 0.68, '2024-05-25 02:13:34', '2024-05-25 02:13:34'),
(366, 71, 3, 0.59, '2024-05-25 02:13:34', '2024-05-25 02:13:34'),
(367, 71, 4, 0.92, '2024-05-25 02:13:34', '2024-05-25 02:13:34'),
(368, 72, 1, 0.82, '2024-05-25 02:13:34', '2024-05-25 02:13:34'),
(369, 72, 2, 0.32, '2024-05-25 02:13:34', '2024-05-25 02:13:34'),
(370, 72, 3, 0.16, '2024-05-25 02:13:34', '2024-05-25 02:13:34'),
(371, 72, 4, 0.82, '2024-05-25 02:13:34', '2024-05-25 02:13:34'),
(372, 73, 1, 0.61, '2024-05-25 02:13:34', '2024-05-25 02:13:34'),
(373, 73, 2, 0.61, '2024-05-25 02:13:34', '2024-05-25 02:13:34'),
(374, 73, 3, 0.23, '2024-05-25 02:13:34', '2024-05-25 02:13:34'),
(375, 73, 4, 0.31, '2024-05-25 02:13:34', '2024-05-25 02:13:34'),
(376, 74, 1, 0.87, '2024-05-25 02:13:34', '2024-05-25 02:13:34'),
(377, 74, 2, 0.4, '2024-05-25 02:13:34', '2024-05-25 02:13:34'),
(378, 74, 3, 0.41, '2024-05-25 02:13:34', '2024-05-25 02:13:34'),
(379, 74, 4, 0.83, '2024-05-25 02:13:34', '2024-05-25 02:13:34'),
(380, 75, 1, 0.92, '2024-05-25 02:13:34', '2024-05-25 02:13:34'),
(381, 75, 2, 0.11, '2024-05-25 02:13:34', '2024-05-25 02:13:34'),
(382, 75, 3, 0.79, '2024-05-25 02:13:34', '2024-05-25 02:13:34'),
(383, 75, 4, 0.61, '2024-05-25 02:13:34', '2024-05-25 02:13:34'),
(384, 76, 1, 0.67, '2024-05-25 02:13:34', '2024-05-25 02:13:34'),
(385, 76, 2, 0.55, '2024-05-25 02:13:34', '2024-05-25 02:13:34'),
(386, 76, 3, 0.75, '2024-05-25 02:13:34', '2024-05-25 02:13:34'),
(387, 76, 4, 0.08, '2024-05-25 02:13:34', '2024-05-25 02:13:34'),
(388, 77, 1, 0.13, '2024-05-25 02:13:34', '2024-05-25 02:13:34'),
(389, 77, 2, 0.44, '2024-05-25 02:13:34', '2024-05-25 02:13:34'),
(390, 77, 3, 0.81, '2024-05-25 02:13:34', '2024-05-25 02:13:34'),
(391, 77, 4, 0.7, '2024-05-25 02:13:34', '2024-05-25 02:13:34'),
(392, 78, 1, 0.1, '2024-05-25 02:13:34', '2024-05-25 02:13:34'),
(393, 78, 2, 0.4, '2024-05-25 02:13:34', '2024-05-25 02:13:34'),
(394, 78, 3, 0.7, '2024-05-25 02:13:34', '2024-05-25 02:13:34'),
(395, 78, 4, 0.28, '2024-05-25 02:13:34', '2024-05-25 02:13:34'),
(396, 79, 1, 0.32, '2024-05-25 02:13:34', '2024-05-25 02:13:34'),
(397, 79, 2, 0.76, '2024-05-25 02:13:34', '2024-05-25 02:13:34'),
(398, 79, 3, 0.84, '2024-05-25 02:13:34', '2024-05-25 02:13:34'),
(399, 79, 4, 0.91, '2024-05-25 02:13:34', '2024-05-25 02:13:34'),
(400, 61, 1, 0.04, '2024-05-25 02:16:01', '2024-05-25 02:16:01'),
(401, 61, 2, 0.45, '2024-05-25 02:16:01', '2024-05-25 02:16:01'),
(402, 61, 3, 0.13, '2024-05-25 02:16:01', '2024-05-25 02:16:01'),
(403, 61, 4, 0.31, '2024-05-25 02:16:01', '2024-05-25 02:16:01'),
(404, 62, 1, 0.15, '2024-05-25 02:16:01', '2024-05-25 02:16:01'),
(405, 62, 2, 0.84, '2024-05-25 02:16:01', '2024-05-25 02:16:01'),
(406, 62, 3, 0.74, '2024-05-25 02:16:01', '2024-05-25 02:16:01'),
(407, 62, 4, 0.19, '2024-05-25 02:16:01', '2024-05-25 02:16:01'),
(408, 63, 1, 0.7, '2024-05-25 02:16:01', '2024-05-25 02:16:01'),
(409, 63, 2, 0.96, '2024-05-25 02:16:01', '2024-05-25 02:16:01'),
(410, 63, 3, 0.71, '2024-05-25 02:16:01', '2024-05-25 02:16:01'),
(411, 63, 4, 0.64, '2024-05-25 02:16:01', '2024-05-25 02:16:01'),
(412, 64, 1, 0.1, '2024-05-25 02:16:01', '2024-05-25 02:16:01'),
(413, 64, 2, 0.56, '2024-05-25 02:16:01', '2024-05-25 02:16:01'),
(414, 64, 3, 0.49, '2024-05-25 02:16:01', '2024-05-25 02:16:01'),
(415, 64, 4, 0.8, '2024-05-25 02:16:01', '2024-05-25 02:16:01'),
(416, 65, 1, 0.52, '2024-05-25 02:16:01', '2024-05-25 02:16:01'),
(417, 65, 2, 0.19, '2024-05-25 02:16:01', '2024-05-25 02:16:01'),
(418, 65, 3, 0.38, '2024-05-25 02:16:01', '2024-05-25 02:16:01'),
(419, 65, 4, 0.35, '2024-05-25 02:16:01', '2024-05-25 02:16:01'),
(420, 66, 1, 0.6, '2024-05-25 02:16:01', '2024-05-25 02:16:01'),
(421, 66, 2, 0.95, '2024-05-25 02:16:01', '2024-05-25 02:16:01'),
(422, 66, 3, 0.95, '2024-05-25 02:16:01', '2024-05-25 02:16:01'),
(423, 66, 4, 0.88, '2024-05-25 02:16:01', '2024-05-25 02:16:01'),
(424, 67, 1, 0.57, '2024-05-25 02:16:01', '2024-05-25 02:16:01'),
(425, 67, 2, 0.22, '2024-05-25 02:16:01', '2024-05-25 02:16:01'),
(426, 67, 3, 0.38, '2024-05-25 02:16:01', '2024-05-25 02:16:01'),
(427, 67, 4, 0.24, '2024-05-25 02:16:01', '2024-05-25 02:16:01'),
(428, 68, 1, 0.07, '2024-05-25 02:16:01', '2024-05-25 02:16:01'),
(429, 68, 2, 0.63, '2024-05-25 02:16:01', '2024-05-25 02:16:01'),
(430, 68, 3, 0.93, '2024-05-25 02:16:01', '2024-05-25 02:16:01'),
(431, 68, 4, 0.75, '2024-05-25 02:16:01', '2024-05-25 02:16:01'),
(432, 69, 1, 0.99, '2024-05-25 02:16:01', '2024-05-25 02:16:01'),
(433, 69, 2, 0.68, '2024-05-25 02:16:01', '2024-05-25 02:16:01'),
(434, 69, 3, 0.44, '2024-05-25 02:16:01', '2024-05-25 02:16:01'),
(435, 69, 4, 0.17, '2024-05-25 02:16:01', '2024-05-25 02:16:01'),
(436, 70, 1, 0.53, '2024-05-25 02:16:01', '2024-05-25 02:16:01'),
(437, 70, 2, 0.15, '2024-05-25 02:16:01', '2024-05-25 02:16:01'),
(438, 70, 3, 0.16, '2024-05-25 02:16:01', '2024-05-25 02:16:01'),
(439, 70, 4, 0.32, '2024-05-25 02:16:01', '2024-05-25 02:16:01'),
(440, 71, 1, 0.16, '2024-05-25 02:16:01', '2024-05-25 02:16:01'),
(441, 71, 2, 0.81, '2024-05-25 02:16:01', '2024-05-25 02:16:01'),
(442, 71, 3, 0.56, '2024-05-25 02:16:01', '2024-05-25 02:16:01'),
(443, 71, 4, 0.37, '2024-05-25 02:16:01', '2024-05-25 02:16:01'),
(444, 72, 1, 0.19, '2024-05-25 02:16:01', '2024-05-25 02:16:01'),
(445, 72, 2, 0.82, '2024-05-25 02:16:01', '2024-05-25 02:16:01'),
(446, 72, 3, 0.53, '2024-05-25 02:16:01', '2024-05-25 02:16:01'),
(447, 72, 4, 0.21, '2024-05-25 02:16:01', '2024-05-25 02:16:01'),
(448, 73, 1, 0.46, '2024-05-25 02:16:01', '2024-05-25 02:16:01'),
(449, 73, 2, 0.68, '2024-05-25 02:16:01', '2024-05-25 02:16:01'),
(450, 73, 3, 0, '2024-05-25 02:16:01', '2024-05-25 02:16:01'),
(451, 73, 4, 0.98, '2024-05-25 02:16:01', '2024-05-25 02:16:01'),
(452, 74, 1, 0.89, '2024-05-25 02:16:01', '2024-05-25 02:16:01'),
(453, 74, 2, 0.52, '2024-05-25 02:16:01', '2024-05-25 02:16:01'),
(454, 74, 3, 0.92, '2024-05-25 02:16:01', '2024-05-25 02:16:01'),
(455, 74, 4, 0.05, '2024-05-25 02:16:01', '2024-05-25 02:16:01'),
(456, 75, 1, 0.5, '2024-05-25 02:16:01', '2024-05-25 02:16:01'),
(457, 75, 2, 0.35, '2024-05-25 02:16:01', '2024-05-25 02:16:01'),
(458, 75, 3, 0.24, '2024-05-25 02:16:01', '2024-05-25 02:16:01'),
(459, 75, 4, 0.17, '2024-05-25 02:16:01', '2024-05-25 02:16:01'),
(460, 76, 1, 0.11, '2024-05-25 02:16:01', '2024-05-25 02:16:01'),
(461, 76, 2, 0.04, '2024-05-25 02:16:01', '2024-05-25 02:16:01'),
(462, 76, 3, 0.88, '2024-05-25 02:16:01', '2024-05-25 02:16:01'),
(463, 76, 4, 0.27, '2024-05-25 02:16:01', '2024-05-25 02:16:01'),
(464, 77, 1, 0.7, '2024-05-25 02:16:01', '2024-05-25 02:16:01'),
(465, 77, 2, 0.69, '2024-05-25 02:16:01', '2024-05-25 02:16:01'),
(466, 77, 3, 0.36, '2024-05-25 02:16:01', '2024-05-25 02:16:01'),
(467, 77, 4, 0.72, '2024-05-25 02:16:01', '2024-05-25 02:16:01'),
(468, 78, 1, 0.54, '2024-05-25 02:16:01', '2024-05-25 02:16:01'),
(469, 78, 2, 0.54, '2024-05-25 02:16:01', '2024-05-25 02:16:01'),
(470, 78, 3, 0.05, '2024-05-25 02:16:01', '2024-05-25 02:16:01'),
(471, 78, 4, 0.66, '2024-05-25 02:16:01', '2024-05-25 02:16:01'),
(472, 79, 1, 0.14, '2024-05-25 02:16:01', '2024-05-25 02:16:01'),
(473, 79, 2, 0.72, '2024-05-25 02:16:01', '2024-05-25 02:16:01'),
(474, 79, 3, 0.19, '2024-05-25 02:16:01', '2024-05-25 02:16:01'),
(475, 79, 4, 0.78, '2024-05-25 02:16:01', '2024-05-25 02:16:01'),
(476, 61, 1, 0.34, '2024-05-25 02:25:53', '2024-05-25 02:25:53'),
(477, 61, 2, 0.36, '2024-05-25 02:25:53', '2024-05-25 02:25:53'),
(478, 61, 3, 0.78, '2024-05-25 02:25:53', '2024-05-25 02:25:53'),
(479, 61, 4, 0.83, '2024-05-25 02:25:53', '2024-05-25 02:25:53'),
(480, 62, 1, 0.8, '2024-05-25 02:25:53', '2024-05-25 02:25:53'),
(481, 62, 2, 0.51, '2024-05-25 02:25:53', '2024-05-25 02:25:53'),
(482, 62, 3, 0.16, '2024-05-25 02:25:53', '2024-05-25 02:25:53'),
(483, 62, 4, 0.27, '2024-05-25 02:25:53', '2024-05-25 02:25:53'),
(484, 63, 1, 0.88, '2024-05-25 02:25:53', '2024-05-25 02:25:53'),
(485, 63, 2, 0.56, '2024-05-25 02:25:53', '2024-05-25 02:25:53'),
(486, 63, 3, 0.19, '2024-05-25 02:25:53', '2024-05-25 02:25:53'),
(487, 63, 4, 0.25, '2024-05-25 02:25:53', '2024-05-25 02:25:53'),
(488, 64, 1, 0.69, '2024-05-25 02:25:53', '2024-05-25 02:25:53'),
(489, 64, 2, 0.68, '2024-05-25 02:25:53', '2024-05-25 02:25:53'),
(490, 64, 3, 0.33, '2024-05-25 02:25:53', '2024-05-25 02:25:53'),
(491, 64, 4, 0.63, '2024-05-25 02:25:53', '2024-05-25 02:25:53'),
(492, 65, 1, 0.14, '2024-05-25 02:25:53', '2024-05-25 02:25:53'),
(493, 65, 2, 0.8, '2024-05-25 02:25:53', '2024-05-25 02:25:53'),
(494, 65, 3, 0.59, '2024-05-25 02:25:53', '2024-05-25 02:25:53'),
(495, 65, 4, 0.53, '2024-05-25 02:25:53', '2024-05-25 02:25:53'),
(496, 66, 1, 0.91, '2024-05-25 02:25:53', '2024-05-25 02:25:53'),
(497, 66, 2, 0.94, '2024-05-25 02:25:53', '2024-05-25 02:25:53'),
(498, 66, 3, 0.97, '2024-05-25 02:25:53', '2024-05-25 02:25:53'),
(499, 66, 4, 0.06, '2024-05-25 02:25:53', '2024-05-25 02:25:53'),
(500, 67, 1, 0.35, '2024-05-25 02:25:53', '2024-05-25 02:25:53'),
(501, 67, 2, 0.6, '2024-05-25 02:25:53', '2024-05-25 02:25:53'),
(502, 67, 3, 0.95, '2024-05-25 02:25:53', '2024-05-25 02:25:53'),
(503, 67, 4, 0.96, '2024-05-25 02:25:53', '2024-05-25 02:25:53'),
(504, 68, 1, 0.95, '2024-05-25 02:25:53', '2024-05-25 02:25:53'),
(505, 68, 2, 0.87, '2024-05-25 02:25:53', '2024-05-25 02:25:53'),
(506, 68, 3, 0.5, '2024-05-25 02:25:53', '2024-05-25 02:25:53'),
(507, 68, 4, 0.87, '2024-05-25 02:25:53', '2024-05-25 02:25:53'),
(508, 69, 1, 0.87, '2024-05-25 02:25:53', '2024-05-25 02:25:53'),
(509, 69, 2, 0.75, '2024-05-25 02:25:53', '2024-05-25 02:25:53'),
(510, 69, 3, 0.14, '2024-05-25 02:25:53', '2024-05-25 02:25:53'),
(511, 69, 4, 0.45, '2024-05-25 02:25:53', '2024-05-25 02:25:53'),
(512, 70, 1, 0.82, '2024-05-25 02:25:53', '2024-05-25 02:25:53'),
(513, 70, 2, 0.75, '2024-05-25 02:25:53', '2024-05-25 02:25:53'),
(514, 70, 3, 0.29, '2024-05-25 02:25:53', '2024-05-25 02:25:53'),
(515, 70, 4, 0.2, '2024-05-25 02:25:53', '2024-05-25 02:25:53'),
(516, 71, 1, 0.13, '2024-05-25 02:25:53', '2024-05-25 02:25:53'),
(517, 71, 2, 0.04, '2024-05-25 02:25:53', '2024-05-25 02:25:53'),
(518, 71, 3, 0.8, '2024-05-25 02:25:53', '2024-05-25 02:25:53'),
(519, 71, 4, 0.89, '2024-05-25 02:25:53', '2024-05-25 02:25:53'),
(520, 72, 1, 0.06, '2024-05-25 02:25:53', '2024-05-25 02:25:53'),
(521, 72, 2, 0.64, '2024-05-25 02:25:53', '2024-05-25 02:25:53'),
(522, 72, 3, 0.01, '2024-05-25 02:25:53', '2024-05-25 02:25:53'),
(523, 72, 4, 0.14, '2024-05-25 02:25:53', '2024-05-25 02:25:53'),
(524, 73, 1, 0.66, '2024-05-25 02:25:53', '2024-05-25 02:25:53'),
(525, 73, 2, 0.87, '2024-05-25 02:25:53', '2024-05-25 02:25:53'),
(526, 73, 3, 0.4, '2024-05-25 02:25:53', '2024-05-25 02:25:53'),
(527, 73, 4, 0.36, '2024-05-25 02:25:53', '2024-05-25 02:25:53'),
(528, 74, 1, 0.62, '2024-05-25 02:25:53', '2024-05-25 02:25:53'),
(529, 74, 2, 0, '2024-05-25 02:25:53', '2024-05-25 02:25:53'),
(530, 74, 3, 0.17, '2024-05-25 02:25:53', '2024-05-25 02:25:53'),
(531, 74, 4, 0.82, '2024-05-25 02:25:53', '2024-05-25 02:25:53'),
(532, 75, 1, 0.59, '2024-05-25 02:25:53', '2024-05-25 02:25:53'),
(533, 75, 2, 0.5, '2024-05-25 02:25:53', '2024-05-25 02:25:53'),
(534, 75, 3, 0.71, '2024-05-25 02:25:53', '2024-05-25 02:25:53'),
(535, 75, 4, 0.06, '2024-05-25 02:25:53', '2024-05-25 02:25:53'),
(536, 76, 1, 0.18, '2024-05-25 02:25:53', '2024-05-25 02:25:53'),
(537, 76, 2, 0.7, '2024-05-25 02:25:53', '2024-05-25 02:25:53'),
(538, 76, 3, 0.97, '2024-05-25 02:25:53', '2024-05-25 02:25:53'),
(539, 76, 4, 0.73, '2024-05-25 02:25:53', '2024-05-25 02:25:53'),
(540, 77, 1, 0.77, '2024-05-25 02:25:53', '2024-05-25 02:25:53'),
(541, 77, 2, 0.64, '2024-05-25 02:25:53', '2024-05-25 02:25:53'),
(542, 77, 3, 0.9, '2024-05-25 02:25:53', '2024-05-25 02:25:53'),
(543, 77, 4, 0.59, '2024-05-25 02:25:53', '2024-05-25 02:25:53'),
(544, 78, 1, 0.23, '2024-05-25 02:25:53', '2024-05-25 02:25:53'),
(545, 78, 2, 0.37, '2024-05-25 02:25:53', '2024-05-25 02:25:53'),
(546, 78, 3, 0.16, '2024-05-25 02:25:53', '2024-05-25 02:25:53'),
(547, 78, 4, 0.69, '2024-05-25 02:25:53', '2024-05-25 02:25:53'),
(548, 79, 1, 0.97, '2024-05-25 02:25:53', '2024-05-25 02:25:53'),
(549, 79, 2, 0.77, '2024-05-25 02:25:53', '2024-05-25 02:25:53'),
(550, 79, 3, 0.95, '2024-05-25 02:25:53', '2024-05-25 02:25:53'),
(551, 79, 4, 0.44, '2024-05-25 02:25:53', '2024-05-25 02:25:53');

-- --------------------------------------------------------

--
-- Struktur dari tabel `pegawai`
--

CREATE TABLE `pegawai` (
  `id_pegawai` int UNSIGNED NOT NULL,
  `nama_pegawai` varchar(255) COLLATE utf8mb4_unicode_ci NOT NULL,
  `jabatan` varchar(50) COLLATE utf8mb4_unicode_ci NOT NULL,
  `nomor_telepon` varchar(20) COLLATE utf8mb4_unicode_ci NOT NULL,
  `id_toko` int UNSIGNED NOT NULL,
  `created_at` timestamp NULL DEFAULT NULL,
  `updated_at` timestamp NULL DEFAULT NULL
) ENGINE=InnoDB DEFAULT CHARSET=utf8mb4 COLLATE=utf8mb4_unicode_ci;

--
-- Dumping data untuk tabel `pegawai`
--

INSERT INTO `pegawai` (`id_pegawai`, `nama_pegawai`, `jabatan`, `nomor_telepon`, `id_toko`, `created_at`, `updated_at`) VALUES
(1, 'Budi Santoso', 'Kasir', '081234567890', 1, '2024-05-24 05:00:00', '2024-05-24 05:00:00'),
(2, 'Ani Wijaya', 'Admin', '081234567891', 1, '2024-05-24 05:01:00', '2024-05-24 05:01:00'),
(3, 'Candra Susilo', 'Gudang', '081234567892', 1, '2024-05-24 05:02:00', '2024-05-24 05:02:00'),
(4, 'Dewi Cahyani', 'Kasir', '081234567893', 2, '2024-05-24 05:03:00', '2024-05-24 05:03:00'),
(5, 'Eko Prabowo', 'Admin', '081234567894', 2, '2024-05-24 05:04:00', '2024-05-24 05:04:00'),
(6, 'Fita Wulandari', 'Gudang', '081234567895', 2, '2024-05-24 05:05:00', '2024-05-24 05:05:00'),
(7, 'Galih Saputra', 'Kasir', '081234567896', 3, '2024-05-24 05:06:00', '2024-05-24 05:06:00'),
(8, 'Hani Fitriani', 'Admin', '081234567897', 3, '2024-05-24 05:07:00', '2024-05-24 05:07:00'),
(9, 'Indra Setiawan', 'Gudang', '081234567898', 3, '2024-05-24 05:08:00', '2024-05-24 05:08:00'),
(10, 'Joko Santoso', 'Kasir', '081234567899', 4, '2024-05-24 05:09:00', '2024-05-24 05:09:00'),
(11, 'Kiki Prasetyo', 'Admin', '081234567800', 4, '2024-05-24 05:10:00', '2024-05-24 05:10:00'),
(12, 'Lia Agustina', 'Gudang', '081234567801', 4, '2024-05-24 05:11:00', '2024-05-24 05:11:00'),
(13, 'Mira Sari', 'Kasir', '081234567802', 5, '2024-05-24 05:12:00', '2024-05-24 05:12:00'),
(14, 'Nando Pratama', 'Admin', '081234567803', 5, '2024-05-24 05:13:00', '2024-05-24 05:13:00'),
(15, 'Oki Rahman', 'Gudang', '081234567804', 5, '2024-05-24 05:14:00', '2024-05-24 05:14:00'),
(16, 'Putri Dewi', 'Kasir', '081234567805', 6, '2024-05-24 05:15:00', '2024-05-24 05:15:00'),
(17, 'Qori Ramadhan', 'Admin', '081234567806', 6, '2024-05-24 05:16:00', '2024-05-24 05:16:00'),
(18, 'Rina Setiawati', 'Gudang', '081234567807', 6, '2024-05-24 05:17:00', '2024-05-24 05:17:00'),
(19, 'Susi Wati', 'Kasir', '081234567808', 7, '2024-05-24 05:18:00', '2024-05-24 05:18:00'),
(20, 'Tono Susilo', 'Admin', '081234567809', 7, '2024-05-24 05:19:00', '2024-05-24 05:19:00');

-- --------------------------------------------------------

--
-- Struktur dari tabel `pengiriman`
--

CREATE TABLE `pengiriman` (
  `id_pengiriman` int UNSIGNED NOT NULL,
  `id_barang` int UNSIGNED NOT NULL,
  `id_gudang` int UNSIGNED NOT NULL,
  `tanggal_kirim` date NOT NULL,
  `jumlah` int NOT NULL,
  `id_toko` int UNSIGNED NOT NULL,
  `id_kendaraan` int UNSIGNED NOT NULL,
  `id_supir` int UNSIGNED NOT NULL,
  `created_at` timestamp NULL DEFAULT NULL,
  `updated_at` timestamp NULL DEFAULT NULL
) ENGINE=InnoDB DEFAULT CHARSET=utf8mb4 COLLATE=utf8mb4_unicode_ci;

--
-- Dumping data untuk tabel `pengiriman`
--

INSERT INTO `pengiriman` (`id_pengiriman`, `id_barang`, `id_gudang`, `tanggal_kirim`, `jumlah`, `id_toko`, `id_kendaraan`, `id_supir`, `created_at`, `updated_at`) VALUES
(40, 10, 2, '2024-05-24', 10, 1, 2, 1, '2024-05-24 05:00:00', '2024-05-24 05:00:00'),
(41, 11, 3, '2024-05-24', 15, 2, 3, 2, '2024-05-24 05:01:00', '2024-05-24 05:01:00'),
(42, 12, 4, '2024-05-24', 20, 3, 4, 3, '2024-05-24 05:02:00', '2024-05-24 05:02:00'),
(43, 13, 5, '2024-05-24', 25, 4, 5, 4, '2024-05-24 05:03:00', '2024-05-24 05:03:00'),
(44, 14, 6, '2024-05-24', 30, 5, 6, 5, '2024-05-24 05:04:00', '2024-05-24 05:04:00'),
(45, 15, 7, '2024-05-24', 35, 6, 7, 6, '2024-05-24 05:05:00', '2024-05-24 05:05:00'),
(46, 16, 8, '2024-05-24', 40, 7, 8, 7, '2024-05-24 05:06:00', '2024-05-24 05:06:00'),
(47, 17, 9, '2024-05-24', 45, 8, 9, 8, '2024-05-24 05:07:00', '2024-05-24 05:07:00'),
(48, 18, 10, '2024-05-24', 50, 9, 10, 9, '2024-05-24 05:08:00', '2024-05-24 05:08:00'),
(49, 19, 11, '2024-05-24', 55, 10, 11, 10, '2024-05-24 05:09:00', '2024-05-24 05:09:00'),
(50, 20, 12, '2024-05-24', 60, 11, 12, 11, '2024-05-24 05:10:00', '2024-05-24 05:10:00'),
(51, 21, 13, '2024-05-24', 65, 12, 13, 12, '2024-05-24 05:11:00', '2024-05-24 05:11:00'),
(52, 22, 14, '2024-05-24', 70, 13, 14, 13, '2024-05-24 05:12:00', '2024-05-24 05:12:00'),
(53, 23, 15, '2024-05-24', 75, 14, 15, 14, '2024-05-24 05:13:00', '2024-05-24 05:13:00'),
(54, 24, 16, '2024-05-24', 80, 15, 16, 15, '2024-05-24 05:14:00', '2024-05-24 05:14:00'),
(55, 26, 17, '2024-05-24', 85, 16, 17, 16, '2024-05-24 05:15:00', '2024-05-24 05:15:00'),
(56, 27, 18, '2024-05-24', 90, 17, 18, 17, '2024-05-24 05:16:00', '2024-05-24 05:16:00'),
(57, 28, 19, '2024-05-24', 95, 18, 19, 18, '2024-05-24 05:17:00', '2024-05-24 05:17:00'),
(58, 29, 20, '2024-05-24', 100, 19, 20, 19, '2024-05-24 05:18:00', '2024-05-24 05:18:00');

-- --------------------------------------------------------

--
-- Struktur dari tabel `rating_kriteria`
--

CREATE TABLE `rating_kriteria` (
  `id_rating` int UNSIGNED NOT NULL,
  `id_alternatif` int UNSIGNED NOT NULL,
  `id_kriteria` int UNSIGNED NOT NULL,
  `nilai` double NOT NULL,
  `created_at` timestamp NULL DEFAULT NULL,
  `updated_at` timestamp NULL DEFAULT NULL
) ENGINE=InnoDB DEFAULT CHARSET=utf8mb4 COLLATE=utf8mb4_unicode_ci;

--
-- Dumping data untuk tabel `rating_kriteria`
--

INSERT INTO `rating_kriteria` (`id_rating`, `id_alternatif`, `id_kriteria`, `nilai`, `created_at`, `updated_at`) VALUES
(1, 61, 1, 100, NULL, NULL),
(2, 61, 2, 100, NULL, NULL),
(3, 61, 3, 100, NULL, NULL),
(4, 61, 4, 100, NULL, NULL),
(5, 62, 1, 1.83, NULL, NULL),
(6, 62, 2, 29.33, NULL, NULL),
(7, 62, 3, 41.19, NULL, NULL),
(8, 62, 4, 17.94, NULL, NULL),
(9, 63, 1, 66.11, NULL, NULL),
(10, 63, 2, 76.77, NULL, NULL),
(11, 63, 3, 85.48, NULL, NULL),
(12, 63, 4, 97.12, NULL, NULL),
(13, 64, 1, 29.15, NULL, NULL),
(14, 64, 2, 54.38, NULL, NULL),
(15, 64, 3, 84.48, NULL, NULL),
(16, 64, 4, 59.23, NULL, NULL),
(17, 65, 1, 42.72, NULL, NULL),
(18, 65, 2, 1.52, NULL, NULL),
(19, 65, 3, 51.42, NULL, NULL),
(20, 65, 4, 49.34, NULL, NULL),
(21, 66, 1, 92.46, NULL, NULL),
(22, 66, 2, 14.27, NULL, NULL),
(23, 66, 3, 93.99, NULL, NULL),
(24, 66, 4, 27.12, NULL, NULL),
(25, 67, 1, 53.63, NULL, NULL),
(26, 67, 2, 86.78, NULL, NULL),
(27, 67, 3, 73.04, NULL, NULL),
(28, 67, 4, 4.84, NULL, NULL),
(29, 68, 1, 5.1, NULL, NULL),
(30, 68, 2, 10.99, NULL, NULL),
(31, 68, 3, 39.62, NULL, NULL),
(32, 68, 4, 65.14, NULL, NULL),
(33, 69, 1, 6.83, NULL, NULL),
(34, 69, 2, 38.72, NULL, NULL),
(35, 69, 3, 73.13, NULL, NULL),
(36, 69, 4, 49.48, NULL, NULL),
(37, 70, 1, 28, NULL, NULL),
(38, 70, 2, 91.58, NULL, NULL),
(39, 70, 3, 73.88, NULL, NULL),
(40, 70, 4, 94.66, NULL, NULL),
(41, 71, 1, 51.68, NULL, NULL),
(42, 71, 2, 74.41, NULL, NULL),
(43, 71, 3, 17.02, NULL, NULL),
(44, 71, 4, 61.88, NULL, NULL),
(45, 72, 1, 58.35, NULL, NULL),
(46, 72, 2, 6.09, NULL, NULL),
(47, 72, 3, 55.39, NULL, NULL),
(48, 72, 4, 58.7, NULL, NULL),
(49, 73, 1, 27.3, NULL, NULL),
(50, 73, 2, 60.43, NULL, NULL),
(51, 73, 3, 20.24, NULL, NULL),
(52, 73, 4, 19.9, NULL, NULL),
(53, 74, 1, 38.79, NULL, NULL),
(54, 74, 2, 34.27, NULL, NULL),
(55, 74, 3, 54.96, NULL, NULL),
(56, 74, 4, 72, NULL, NULL),
(57, 75, 1, 95.1, NULL, NULL),
(58, 75, 2, 59.5, NULL, NULL),
(59, 75, 3, 12.23, NULL, NULL),
(60, 75, 4, 82.62, NULL, NULL),
(61, 76, 1, 76.41, NULL, NULL),
(62, 76, 2, 34.18, NULL, NULL),
(63, 76, 3, 41.7, NULL, NULL),
(64, 76, 4, 5.96, NULL, NULL),
(65, 77, 1, 4.69, NULL, NULL),
(66, 77, 2, 5.58, NULL, NULL),
(67, 77, 3, 13.82, NULL, NULL),
(68, 77, 4, 52.37, NULL, NULL),
(69, 78, 1, 20.39, NULL, NULL),
(70, 78, 2, 44.86, NULL, NULL),
(71, 78, 3, 63.1, NULL, NULL),
(72, 78, 4, 80.93, NULL, NULL),
(73, 79, 1, 15.34, NULL, NULL),
(74, 79, 2, 33.93, NULL, NULL),
(75, 79, 3, 23.61, NULL, NULL),
(76, 79, 4, 16.28, NULL, NULL);

-- --------------------------------------------------------

--
-- Struktur dari tabel `sessions`
--

CREATE TABLE `sessions` (
  `id` varchar(255) COLLATE utf8mb4_unicode_ci NOT NULL,
  `user_id` bigint UNSIGNED DEFAULT NULL,
  `ip_address` varchar(45) COLLATE utf8mb4_unicode_ci DEFAULT NULL,
  `user_agent` text COLLATE utf8mb4_unicode_ci,
  `payload` longtext COLLATE utf8mb4_unicode_ci NOT NULL,
  `last_activity` int NOT NULL
) ENGINE=InnoDB DEFAULT CHARSET=utf8mb4 COLLATE=utf8mb4_unicode_ci;

--
-- Dumping data untuk tabel `sessions`
--

INSERT INTO `sessions` (`id`, `user_id`, `ip_address`, `user_agent`, `payload`, `last_activity`) VALUES
('4R4qfe4R06w5QIpTwd2Zc1JPZRpXLIQVQ6rdX5KL', NULL, '127.0.0.1', 'Mozilla/5.0 (Windows NT 10.0; Win64; x64) AppleWebKit/537.36 (KHTML, like Gecko) Chrome/125.0.0.0 Safari/537.36', 'YTo0OntzOjY6Il90b2tlbiI7czo0MDoiaTNPblhLeHdDN1JmSEhUbnE3VFZEWGxCQ01TUW1aSUw1UDRrVlNZQSI7czo5OiJfcHJldmlvdXMiO2E6MTp7czozOiJ1cmwiO3M6MzM6Imh0dHA6Ly8xMjcuMC4wLjE6ODAwMC9zYXctcmVzdWx0cyI7fXM6NjoiX2ZsYXNoIjthOjI6e3M6Mzoib2xkIjthOjE6e2k6MDtzOjU6ImVycm9yIjt9czozOiJuZXciO2E6MDp7fX1zOjU6ImVycm9yIjtzOjM4OiJHYWdhbCBtZW55aW1wYW4gaGFzaWwgcGVyaGl0dW5nYW4gU0FXLiI7fQ==', 1716648047),
('cCSBBlsJpkAl1ojsZIseqZw6REtG2p3iihL0NiV2', NULL, '127.0.0.1', 'Mozilla/5.0 (Windows NT 10.0; Win64; x64) AppleWebKit/537.36 (KHTML, like Gecko) Chrome/125.0.0.0 Safari/537.36', 'YTo0OntzOjY6Il90b2tlbiI7czo0MDoiYzVvdDdkRzM5YzhITGZNNjBGUzFGZnNJeXg3NUJ6bER3MTFsZjgzViI7czo5OiJfcHJldmlvdXMiO2E6MTp7czozOiJ1cmwiO3M6MzM6Imh0dHA6Ly8xMjcuMC4wLjE6ODAwMC9zYXctcmVzdWx0cyI7fXM6NjoiX2ZsYXNoIjthOjI6e3M6Mzoib2xkIjthOjE6e2k6MDtzOjU6ImVycm9yIjt9czozOiJuZXciO2E6MDp7fX1zOjU6ImVycm9yIjtzOjM4OiJHYWdhbCBtZW55aW1wYW4gaGFzaWwgcGVyaGl0dW5nYW4gU0FXLiI7fQ==', 1716736576),
('FXNC0WokR4Qb1UL6SC7yAg7BmgplswSLdaBCZx3G', NULL, '127.0.0.1', 'Mozilla/5.0 (Windows NT 10.0; Win64; x64) AppleWebKit/537.36 (KHTML, like Gecko) Chrome/125.0.0.0 Safari/537.36', 'YTozOntzOjY6Il90b2tlbiI7czo0MDoibWlNa2dnRkd5Z0g2eHc4WWU3cHZZaXNnZ2JUcG9pcDcwZTZudlBLbyI7czo5OiJfcHJldmlvdXMiO2E6MTp7czozOiJ1cmwiO3M6MzA6Imh0dHA6Ly8xMjcuMC4wLjE6ODAwMC9yZWdpc3RlciI7fXM6NjoiX2ZsYXNoIjthOjI6e3M6Mzoib2xkIjthOjA6e31zOjM6Im5ldyI7YTowOnt9fX0=', 1716790605),
('ySvRMmm9uUDr24M79KXouDk1HjBR6AfX4rLzVUJr', NULL, '127.0.0.1', 'Mozilla/5.0 (Windows NT 10.0; Win64; x64) AppleWebKit/537.36 (KHTML, like Gecko) Chrome/125.0.0.0 Safari/537.36', 'YTo0OntzOjY6Il90b2tlbiI7czo0MDoiRllyYlA3ZjJkTXJRYVdZb1hYYjNCalEybzdIbDlDWllZenNoTTVOdyI7czo2OiJfZmxhc2giO2E6Mjp7czozOiJvbGQiO2E6MTp7aTowO3M6NToiZXJyb3IiO31zOjM6Im5ldyI7YTowOnt9fXM6OToiX3ByZXZpb3VzIjthOjE6e3M6MzoidXJsIjtzOjMzOiJodHRwOi8vMTI3LjAuMC4xOjgwMDAvc2F3LXJlc3VsdHMiO31zOjU6ImVycm9yIjtzOjM4OiJHYWdhbCBtZW55aW1wYW4gaGFzaWwgcGVyaGl0dW5nYW4gU0FXLiI7fQ==', 1717054394);

-- --------------------------------------------------------

--
-- Struktur dari tabel `supir`
--

CREATE TABLE `supir` (
  `id_supir` int UNSIGNED NOT NULL,
  `nama_supir` varchar(255) COLLATE utf8mb4_unicode_ci NOT NULL,
  `nomor_telepon` varchar(20) COLLATE utf8mb4_unicode_ci NOT NULL,
  `created_at` timestamp NULL DEFAULT NULL,
  `updated_at` timestamp NULL DEFAULT NULL
) ENGINE=InnoDB DEFAULT CHARSET=utf8mb4 COLLATE=utf8mb4_unicode_ci;

--
-- Dumping data untuk tabel `supir`
--

INSERT INTO `supir` (`id_supir`, `nama_supir`, `nomor_telepon`, `created_at`, `updated_at`) VALUES
(1, 'Agus Setiawan', '081234567890', '2024-05-24 05:00:00', '2024-05-24 05:00:00'),
(2, 'Budi Santoso', '081234567893', '2024-05-24 05:01:00', '2024-05-24 09:02:10'),
(3, 'Cahyo Wibowo', '081234567892', '2024-05-24 05:02:00', '2024-05-24 05:02:00'),
(4, 'Dedi Supriyadi', '081234567893', '2024-05-24 05:03:00', '2024-05-24 05:03:00'),
(5, 'Eko Prasetyo', '081234567894', '2024-05-24 05:04:00', '2024-05-24 05:04:00'),
(6, 'Fajar Nugroho', '081234567895', '2024-05-24 05:05:00', '2024-05-24 05:05:00'),
(7, 'Gilang Mahendra', '081234567896', '2024-05-24 05:06:00', '2024-05-24 05:06:00'),
(8, 'Hendra Wijaya', '081234567897', '2024-05-24 05:07:00', '2024-05-24 05:07:00'),
(9, 'Irwan Saputra', '081234567898', '2024-05-24 05:08:00', '2024-05-24 05:08:00'),
(10, 'Joko Susanto', '081234567899', '2024-05-24 05:09:00', '2024-05-24 05:09:00'),
(11, 'Kurniawan Putra', '081234567800', '2024-05-24 05:10:00', '2024-05-24 05:10:00'),
(12, 'Lukman Hakim', '081234567801', '2024-05-24 05:11:00', '2024-05-24 05:11:00'),
(13, 'Mulyadi Pratama', '081234567802', '2024-05-24 05:12:00', '2024-05-24 05:12:00'),
(14, 'Nurul Hidayat', '081234567803', '2024-05-24 05:13:00', '2024-05-24 05:13:00'),
(15, 'Oka Saputra', '081234567804', '2024-05-24 05:14:00', '2024-05-24 05:14:00'),
(16, 'Prasetya Wijaya', '081234567805', '2024-05-24 05:15:00', '2024-05-24 05:15:00'),
(17, 'Rizky Ramadhan', '081234567806', '2024-05-24 05:16:00', '2024-05-24 05:16:00'),
(18, 'Satria Pratama', '081234567807', '2024-05-24 05:17:00', '2024-05-24 05:17:00'),
(19, 'Teguh Prasetyo', '081234567808', '2024-05-24 05:18:00', '2024-05-24 05:18:00');

-- --------------------------------------------------------

--
-- Struktur dari tabel `toko`
--

CREATE TABLE `toko` (
  `id_toko` int UNSIGNED NOT NULL,
  `nama_toko` varchar(255) COLLATE utf8mb4_unicode_ci NOT NULL,
  `nomor_telepon` varchar(20) COLLATE utf8mb4_unicode_ci NOT NULL,
  `alamat` text COLLATE utf8mb4_unicode_ci NOT NULL,
  `created_at` timestamp NULL DEFAULT NULL,
  `updated_at` timestamp NULL DEFAULT NULL
) ENGINE=InnoDB DEFAULT CHARSET=utf8mb4 COLLATE=utf8mb4_unicode_ci;

--
-- Dumping data untuk tabel `toko`
--

INSERT INTO `toko` (`id_toko`, `nama_toko`, `nomor_telepon`, `alamat`, `created_at`, `updated_at`) VALUES
(1, 'Toko A', '081234567890', 'Jl. Merdeka No. 123', '2024-05-24 05:00:00', '2024-05-24 05:00:00'),
(2, 'Toko B', '081234567891', 'Jl. Gatot Subroto No. 456', '2024-05-24 05:01:00', '2024-05-24 05:01:00'),
(3, 'Toko C', '081234567892', 'Jl. Asia Afrika No. 789', '2024-05-24 05:02:00', '2024-05-24 05:02:00'),
(4, 'Toko D', '081234567893', 'Jl. Sudirman No. 1011', '2024-05-24 05:03:00', '2024-05-24 05:03:00'),
(5, 'Toko E', '081234567894', 'Jl. Pahlawan No. 1213', '2024-05-24 05:04:00', '2024-05-24 05:04:00'),
(6, 'Toko F', '081234567895', 'Jl. Diponegoro No. 1415', '2024-05-24 05:05:00', '2024-05-24 05:05:00'),
(7, 'Toko G', '081234567896', 'Jl. Imam Bonjol No. 1617', '2024-05-24 05:06:00', '2024-05-24 05:06:00'),
(8, 'Toko H', '081234567897', 'Jl. Ahmad Yani No. 1819', '2024-05-24 05:07:00', '2024-05-24 05:07:00'),
(9, 'Toko I', '081234567898', 'Jl. Jenderal Sudirman No. 2021', '2024-05-24 05:08:00', '2024-05-24 05:08:00'),
(10, 'Toko J', '081234567899', 'Jl. HR Rasuna Said No. 2223', '2024-05-24 05:09:00', '2024-05-24 05:09:00'),
(11, 'Toko K', '081234567800', 'Jl. MH Thamrin No. 2425', '2024-05-24 05:10:00', '2024-05-24 05:10:00'),
(12, 'Toko L', '081234567801', 'Jl. MH Ridwan Rais No. 2627', '2024-05-24 05:11:00', '2024-05-24 05:11:00'),
(13, 'Toko M', '081234567802', 'Jl. KH Hasyim Ashari No. 2829', '2024-05-24 05:12:00', '2024-05-24 05:12:00'),
(14, 'Toko N', '081234567803', 'Jl. Fatmawati No. 3031', '2024-05-24 05:13:00', '2024-05-24 05:13:00'),
(15, 'Toko O', '081234567804', 'Jl. Kemanggisan No. 3233', '2024-05-24 05:14:00', '2024-05-24 05:14:00'),
(16, 'Toko P', '081234567805', 'Jl. Slipi No. 3435', '2024-05-24 05:15:00', '2024-05-24 05:15:00'),
(17, 'Toko Q', '081234567806', 'Jl. Tanah Abang No. 3637', '2024-05-24 05:16:00', '2024-05-24 05:16:00'),
(18, 'Toko R', '081234567807', 'Jl. Palmerah No. 3839', '2024-05-24 05:17:00', '2024-05-24 05:17:00'),
(19, 'Toko S', '081234567808', 'Jl. Cideng No. 4041', '2024-05-24 05:18:00', '2024-05-24 05:18:00');

-- --------------------------------------------------------

--
-- Struktur dari tabel `users`
--

CREATE TABLE `users` (
  `id` bigint UNSIGNED NOT NULL,
  `name` varchar(255) CHARACTER SET utf8mb4 COLLATE utf8mb4_unicode_ci NOT NULL,
  `email` varchar(255) COLLATE utf8mb4_unicode_ci NOT NULL,
  `email_verified_at` timestamp NULL DEFAULT NULL,
  `password` varchar(255) COLLATE utf8mb4_unicode_ci NOT NULL,
  `remember_token` varchar(100) COLLATE utf8mb4_unicode_ci DEFAULT NULL,
  `created_at` timestamp NULL DEFAULT NULL,
  `updated_at` timestamp NULL DEFAULT NULL
) ENGINE=InnoDB DEFAULT CHARSET=utf8mb4 COLLATE=utf8mb4_unicode_ci;

--
-- Dumping data untuk tabel `users`
--

INSERT INTO `users` (`id`, `name`, `email`, `email_verified_at`, `password`, `remember_token`, `created_at`, `updated_at`) VALUES
(2, 'Ell', 'mizaellmanusiwa@gmail.com', NULL, '$2y$12$Pg3g0QWvA1NSLYRoM9eI4eubQflbVoHYZuksYGiRB1r9kjFmQzI76', NULL, '2024-05-24 00:19:20', '2024-05-24 00:19:20'),
(3, 'test2', 'test@gmail.com', NULL, '$2y$12$ktmtkdbDRv2psgrw2x5oSewGIlA4aPErg8rHAL33fA1tL/fh6hHWS', NULL, '2024-05-24 00:37:47', '2024-05-24 00:37:47');

--
-- Indexes for dumped tables
--

--
-- Indeks untuk tabel `alternatif`
--
ALTER TABLE `alternatif`
  ADD PRIMARY KEY (`id_alternatif`),
  ADD KEY `alternatif_id_barang_foreign` (`id_barang`);

--
-- Indeks untuk tabel `barang`
--
ALTER TABLE `barang`
  ADD PRIMARY KEY (`id_barang`);

--
-- Indeks untuk tabel `gudang`
--
ALTER TABLE `gudang`
  ADD PRIMARY KEY (`id_gudang`);

--
-- Indeks untuk tabel `hasil_saw`
--
ALTER TABLE `hasil_saw`
  ADD PRIMARY KEY (`id_hasil`),
  ADD KEY `hasil_saw_id_alternatif_foreign` (`id_alternatif`);

--
-- Indeks untuk tabel `jadwal_kirim`
--
ALTER TABLE `jadwal_kirim`
  ADD PRIMARY KEY (`id_jadwal`),
  ADD KEY `jadwal_kirim_id_pengiriman_foreign` (`id_pengiriman`);

--
-- Indeks untuk tabel `kendaraan`
--
ALTER TABLE `kendaraan`
  ADD PRIMARY KEY (`id_kendaraan`);

--
-- Indeks untuk tabel `kriteria`
--
ALTER TABLE `kriteria`
  ADD PRIMARY KEY (`id_kriteria`);

--
-- Indeks untuk tabel `migrations`
--
ALTER TABLE `migrations`
  ADD PRIMARY KEY (`id`);

--
-- Indeks untuk tabel `normalisasi`
--
ALTER TABLE `normalisasi`
  ADD PRIMARY KEY (`id_normalisasi`),
  ADD KEY `normalisasi_id_alternatif_foreign` (`id_alternatif`),
  ADD KEY `normalisasi_id_kriteria_foreign` (`id_kriteria`);

--
-- Indeks untuk tabel `pegawai`
--
ALTER TABLE `pegawai`
  ADD PRIMARY KEY (`id_pegawai`),
  ADD KEY `pegawai_id_toko_foreign` (`id_toko`);

--
-- Indeks untuk tabel `pengiriman`
--
ALTER TABLE `pengiriman`
  ADD PRIMARY KEY (`id_pengiriman`),
  ADD KEY `pengiriman_id_barang_foreign` (`id_barang`),
  ADD KEY `pengiriman_id_gudang_foreign` (`id_gudang`),
  ADD KEY `pengiriman_id_toko_foreign` (`id_toko`),
  ADD KEY `pengiriman_id_kendaraan_foreign` (`id_kendaraan`),
  ADD KEY `pengiriman_id_supir_foreign` (`id_supir`);

--
-- Indeks untuk tabel `rating_kriteria`
--
ALTER TABLE `rating_kriteria`
  ADD PRIMARY KEY (`id_rating`),
  ADD KEY `rating_kriteria_id_alternatif_foreign` (`id_alternatif`),
  ADD KEY `rating_kriteria_id_kriteria_foreign` (`id_kriteria`);

--
-- Indeks untuk tabel `sessions`
--
ALTER TABLE `sessions`
  ADD PRIMARY KEY (`id`),
  ADD KEY `sessions_user_id_index` (`user_id`),
  ADD KEY `sessions_last_activity_index` (`last_activity`);

--
-- Indeks untuk tabel `supir`
--
ALTER TABLE `supir`
  ADD PRIMARY KEY (`id_supir`);

--
-- Indeks untuk tabel `toko`
--
ALTER TABLE `toko`
  ADD PRIMARY KEY (`id_toko`);

--
-- Indeks untuk tabel `users`
--
ALTER TABLE `users`
  ADD PRIMARY KEY (`id`),
  ADD UNIQUE KEY `users_email_unique` (`email`);

--
-- AUTO_INCREMENT untuk tabel yang dibuang
--

--
-- AUTO_INCREMENT untuk tabel `alternatif`
--
ALTER TABLE `alternatif`
  MODIFY `id_alternatif` int UNSIGNED NOT NULL AUTO_INCREMENT, AUTO_INCREMENT=80;

--
-- AUTO_INCREMENT untuk tabel `barang`
--
ALTER TABLE `barang`
  MODIFY `id_barang` int UNSIGNED NOT NULL AUTO_INCREMENT, AUTO_INCREMENT=34;

--
-- AUTO_INCREMENT untuk tabel `gudang`
--
ALTER TABLE `gudang`
  MODIFY `id_gudang` int UNSIGNED NOT NULL AUTO_INCREMENT, AUTO_INCREMENT=22;

--
-- AUTO_INCREMENT untuk tabel `hasil_saw`
--
ALTER TABLE `hasil_saw`
  MODIFY `id_hasil` int UNSIGNED NOT NULL AUTO_INCREMENT, AUTO_INCREMENT=20;

--
-- AUTO_INCREMENT untuk tabel `jadwal_kirim`
--
ALTER TABLE `jadwal_kirim`
  MODIFY `id_jadwal` int UNSIGNED NOT NULL AUTO_INCREMENT, AUTO_INCREMENT=20;

--
-- AUTO_INCREMENT untuk tabel `kendaraan`
--
ALTER TABLE `kendaraan`
  MODIFY `id_kendaraan` int UNSIGNED NOT NULL AUTO_INCREMENT, AUTO_INCREMENT=22;

--
-- AUTO_INCREMENT untuk tabel `kriteria`
--
ALTER TABLE `kriteria`
  MODIFY `id_kriteria` int UNSIGNED NOT NULL AUTO_INCREMENT, AUTO_INCREMENT=5;

--
-- AUTO_INCREMENT untuk tabel `migrations`
--
ALTER TABLE `migrations`
  MODIFY `id` int UNSIGNED NOT NULL AUTO_INCREMENT, AUTO_INCREMENT=19;

--
-- AUTO_INCREMENT untuk tabel `normalisasi`
--
ALTER TABLE `normalisasi`
  MODIFY `id_normalisasi` int UNSIGNED NOT NULL AUTO_INCREMENT, AUTO_INCREMENT=1844;

--
-- AUTO_INCREMENT untuk tabel `pegawai`
--
ALTER TABLE `pegawai`
  MODIFY `id_pegawai` int UNSIGNED NOT NULL AUTO_INCREMENT, AUTO_INCREMENT=21;

--
-- AUTO_INCREMENT untuk tabel `pengiriman`
--
ALTER TABLE `pengiriman`
  MODIFY `id_pengiriman` int UNSIGNED NOT NULL AUTO_INCREMENT, AUTO_INCREMENT=59;

--
-- AUTO_INCREMENT untuk tabel `rating_kriteria`
--
ALTER TABLE `rating_kriteria`
  MODIFY `id_rating` int UNSIGNED NOT NULL AUTO_INCREMENT, AUTO_INCREMENT=77;

--
-- AUTO_INCREMENT untuk tabel `supir`
--
ALTER TABLE `supir`
  MODIFY `id_supir` int UNSIGNED NOT NULL AUTO_INCREMENT, AUTO_INCREMENT=21;

--
-- AUTO_INCREMENT untuk tabel `toko`
--
ALTER TABLE `toko`
  MODIFY `id_toko` int UNSIGNED NOT NULL AUTO_INCREMENT, AUTO_INCREMENT=21;

--
-- AUTO_INCREMENT untuk tabel `users`
--
ALTER TABLE `users`
  MODIFY `id` bigint UNSIGNED NOT NULL AUTO_INCREMENT, AUTO_INCREMENT=4;

--
-- Ketidakleluasaan untuk tabel pelimpahan (Dumped Tables)
--

--
-- Ketidakleluasaan untuk tabel `alternatif`
--
ALTER TABLE `alternatif`
  ADD CONSTRAINT `alternatif_id_barang_foreign` FOREIGN KEY (`id_barang`) REFERENCES `barang` (`id_barang`);

--
-- Ketidakleluasaan untuk tabel `hasil_saw`
--
ALTER TABLE `hasil_saw`
  ADD CONSTRAINT `hasil_saw_id_alternatif_foreign` FOREIGN KEY (`id_alternatif`) REFERENCES `alternatif` (`id_alternatif`);

--
-- Ketidakleluasaan untuk tabel `jadwal_kirim`
--
ALTER TABLE `jadwal_kirim`
  ADD CONSTRAINT `jadwal_kirim_id_pengiriman_foreign` FOREIGN KEY (`id_pengiriman`) REFERENCES `pengiriman` (`id_pengiriman`);

--
-- Ketidakleluasaan untuk tabel `normalisasi`
--
ALTER TABLE `normalisasi`
  ADD CONSTRAINT `normalisasi_id_alternatif_foreign` FOREIGN KEY (`id_alternatif`) REFERENCES `alternatif` (`id_alternatif`),
  ADD CONSTRAINT `normalisasi_id_kriteria_foreign` FOREIGN KEY (`id_kriteria`) REFERENCES `kriteria` (`id_kriteria`);

--
-- Ketidakleluasaan untuk tabel `pegawai`
--
ALTER TABLE `pegawai`
  ADD CONSTRAINT `pegawai_id_toko_foreign` FOREIGN KEY (`id_toko`) REFERENCES `toko` (`id_toko`);

--
-- Ketidakleluasaan untuk tabel `pengiriman`
--
ALTER TABLE `pengiriman`
  ADD CONSTRAINT `pengiriman_id_barang_foreign` FOREIGN KEY (`id_barang`) REFERENCES `barang` (`id_barang`),
  ADD CONSTRAINT `pengiriman_id_gudang_foreign` FOREIGN KEY (`id_gudang`) REFERENCES `gudang` (`id_gudang`),
  ADD CONSTRAINT `pengiriman_id_kendaraan_foreign` FOREIGN KEY (`id_kendaraan`) REFERENCES `kendaraan` (`id_kendaraan`),
  ADD CONSTRAINT `pengiriman_id_supir_foreign` FOREIGN KEY (`id_supir`) REFERENCES `supir` (`id_supir`),
  ADD CONSTRAINT `pengiriman_id_toko_foreign` FOREIGN KEY (`id_toko`) REFERENCES `toko` (`id_toko`);

--
-- Ketidakleluasaan untuk tabel `rating_kriteria`
--
ALTER TABLE `rating_kriteria`
  ADD CONSTRAINT `rating_kriteria_id_alternatif_foreign` FOREIGN KEY (`id_alternatif`) REFERENCES `alternatif` (`id_alternatif`),
  ADD CONSTRAINT `rating_kriteria_id_kriteria_foreign` FOREIGN KEY (`id_kriteria`) REFERENCES `kriteria` (`id_kriteria`);
COMMIT;

/*!40101 SET CHARACTER_SET_CLIENT=@OLD_CHARACTER_SET_CLIENT */;
/*!40101 SET CHARACTER_SET_RESULTS=@OLD_CHARACTER_SET_RESULTS */;
/*!40101 SET COLLATION_CONNECTION=@OLD_COLLATION_CONNECTION */;
